----------------------------------------------------------------------------
---------------------------------------ALQUILER_AUTO------------------------
----------------------------------------------------------------------------

--------------------------------------ALQUILER_SP---------------------------
insert into vi_asp(asp_id, asp_nombre) values(1, 'alamo'     );
insert into vi_asp(asp_id, asp_nombre) values(2, 'avis'      );
insert into vi_asp(asp_id, asp_nombre) values(3, 'centauro'  );
insert into vi_asp(asp_id, asp_nombre) values(4, 'dollar'    );
insert into vi_asp(asp_id, asp_nombre) values(5, 'enterprise');
insert into vi_asp(asp_id, asp_nombre) values(6, 'europcar'  );
insert into vi_asp(asp_id, asp_nombre) values(7, 'firefly'   );
insert into vi_asp(asp_id, asp_nombre) values(8, 'goldcar'   );
insert into vi_asp(asp_id, asp_nombre) values(9, 'hertz'     );
insert into vi_asp(asp_id, asp_nombre) values(10,'interrent' );
insert into vi_asp(asp_id, asp_nombre) values(11,'keddy'     );
insert into vi_asp(asp_id, asp_nombre) values(12,'locauto'   );
insert into vi_asp(asp_id, asp_nombre) values(13,'national'  );
insert into vi_asp(asp_id, asp_nombre) values(14,'sixt'      );
insert into vi_asp(asp_id, asp_nombre) values(15,'unirent'   );
---------------------------------------MARCA-------------------------------
insert into marca(m_id, m_nombre) values(1, 'toyota'       );
insert into marca(m_id, m_nombre) values(2, 'mercedes-benz');
insert into marca(m_id, m_nombre) values(3, 'bmw'          );
insert into marca(m_id, m_nombre) values(4, 'honda'        );
insert into marca(m_id, m_nombre) values(5, 'ford'         );
insert into marca(m_id, m_nombre) values(6, 'hyundai'      );
insert into marca(m_id, m_nombre) values(7, 'audi'         );
insert into marca(m_id, m_nombre) values(8, 'nissan'       );
insert into marca(m_id, m_nombre) values(9, 'volkswagen'   );
insert into marca(m_id, m_nombre) values(10,'porsche'      );
insert into marca(m_id, m_nombre) values(11,'kia'          );
insert into marca(m_id, m_nombre) values(12,'land-rover'   );
insert into marca(m_id, m_nombre) values(13,'mini'         );
insert into marca(m_id, m_nombre) values(14,'ferrari'      );
insert into marca(m_id, m_nombre) values(15,'tesla'        );
-------------------------------MODELO_AUTO----------------------------------
insert into vi_mau(mau_id, mau_nombre, mau_pasajeros, mau_m_id) values(1 ,'aygo'    , 2, 1);
insert into vi_mau(mau_id, mau_nombre, mau_pasajeros, mau_m_id) values(2 ,'camry'   , 4, 1);
insert into vi_mau(mau_id, mau_nombre, mau_pasajeros, mau_m_id) values(3 ,'clase-c' , 4, 2);
insert into vi_mau(mau_id, mau_nombre, mau_pasajeros, mau_m_id) values(4 ,'cls'     , 4, 2 );
insert into vi_mau(mau_id, mau_nombre, mau_pasajeros, mau_m_id) values(5 ,'x1'      , 4, 3 );
insert into vi_mau(mau_id, mau_nombre, mau_pasajeros, mau_m_id) values(6 ,'x5'      , 4, 3 );
insert into vi_mau(mau_id, mau_nombre, mau_pasajeros, mau_m_id) values(7 ,'civic'   , 4, 4 );
insert into vi_mau(mau_id, mau_nombre, mau_pasajeros, mau_m_id) values(8 ,'jazz'    , 4, 4 );
insert into vi_mau(mau_id, mau_nombre, mau_pasajeros, mau_m_id) values(9 ,'mondeo'  , 4, 5 );
insert into vi_mau(mau_id, mau_nombre, mau_pasajeros, mau_m_id) values(10,'puma'    , 4, 5 );
insert into vi_mau(mau_id, mau_nombre, mau_pasajeros, mau_m_id) values(11,'i20'     , 4, 6 );
insert into vi_mau(mau_id, mau_nombre, mau_pasajeros, mau_m_id) values(12,'i30'     , 4, 6 );
insert into vi_mau(mau_id, mau_nombre, mau_pasajeros, mau_m_id) values(13,'a4'      , 4, 7 );
insert into vi_mau(mau_id, mau_nombre, mau_pasajeros, mau_m_id) values(14,'a1'      , 4, 7 );
insert into vi_mau(mau_id, mau_nombre, mau_pasajeros, mau_m_id) values(15,'juke'    , 4, 8 );
insert into vi_mau(mau_id, mau_nombre, mau_pasajeros, mau_m_id) values(16,'gt-r'    , 4, 8 );
insert into vi_mau(mau_id, mau_nombre, mau_pasajeros, mau_m_id) values(17,'passat'  , 4, 9 );
insert into vi_mau(mau_id, mau_nombre, mau_pasajeros, mau_m_id) values(18,'t-cross' , 4, 9 );
insert into vi_mau(mau_id, mau_nombre, mau_pasajeros, mau_m_id) values(19,'macan'   , 4, 10);
insert into vi_mau(mau_id, mau_nombre, mau_pasajeros, mau_m_id) values(20,'911'     , 4, 10);
insert into vi_mau(mau_id, mau_nombre, mau_pasajeros, mau_m_id) values(21,'ceed'    , 4, 11);
insert into vi_mau(mau_id, mau_nombre, mau_pasajeros, mau_m_id) values(22,'optima'  , 4, 11);
insert into vi_mau(mau_id, mau_nombre, mau_pasajeros, mau_m_id) values(23,'defender', 4, 12);
insert into vi_mau(mau_id, mau_nombre, mau_pasajeros, mau_m_id) values(24,'evoque'  , 4, 12);
insert into vi_mau(mau_id, mau_nombre, mau_pasajeros, mau_m_id) values(25,'clubman' , 4, 13);
insert into vi_mau(mau_id, mau_nombre, mau_pasajeros, mau_m_id) values(26,'mini'    , 4, 13);
insert into vi_mau(mau_id, mau_nombre, mau_pasajeros, mau_m_id) values(27,'f8'      , 4, 14);
insert into vi_mau(mau_id, mau_nombre, mau_pasajeros, mau_m_id) values(28,'roma'    , 4, 14);
insert into vi_mau(mau_id, mau_nombre, mau_pasajeros, mau_m_id) values(29,'model-y' , 4, 15);
insert into vi_mau(mau_id, mau_nombre, mau_pasajeros, mau_m_id) values(30,'model-s' , 4, 15);
--------------------------------------AUTOMOVIL-----------------------------------
insert into automovil(au_id, au_precio, au_color, au_asp_id, au_mau_id) values(1 , 10.00 , 'rojo'    , 1 , 1 );
insert into automovil(au_id, au_precio, au_color, au_asp_id, au_mau_id) values(2 , 20.00 , 'azul'    , 2 , 2 );
insert into automovil(au_id, au_precio, au_color, au_asp_id, au_mau_id) values(3 , 30.00 , 'amarillo', 3 , 3 );
insert into automovil(au_id, au_precio, au_color, au_asp_id, au_mau_id) values(4 , 40.00 , 'verde'   , 4 , 4 );
insert into automovil(au_id, au_precio, au_color, au_asp_id, au_mau_id) values(5 , 50.00 , 'morado'  , 5 , 5 );
insert into automovil(au_id, au_precio, au_color, au_asp_id, au_mau_id) values(6 , 60.00 , 'plateado', 6 , 6 );
insert into automovil(au_id, au_precio, au_color, au_asp_id, au_mau_id) values(7 , 70.00 , 'rojo'    , 7 , 7 );
insert into automovil(au_id, au_precio, au_color, au_asp_id, au_mau_id) values(8 , 80.00 , 'azul'    , 8 , 8 );
insert into automovil(au_id, au_precio, au_color, au_asp_id, au_mau_id) values(9 , 90.00 , 'morado'  , 9 , 9 );
insert into automovil(au_id, au_precio, au_color, au_asp_id, au_mau_id) values(10, 100.00, 'verde'   , 10, 10);
insert into automovil(au_id, au_precio, au_color, au_asp_id, au_mau_id) values(11, 110.00, 'naranja' , 11, 11);
insert into automovil(au_id, au_precio, au_color, au_asp_id, au_mau_id) values(12, 120.00, 'amarillo', 12, 12);
insert into automovil(au_id, au_precio, au_color, au_asp_id, au_mau_id) values(13, 130.00, 'verde'   , 13, 13);
insert into automovil(au_id, au_precio, au_color, au_asp_id, au_mau_id) values(14, 140.00, 'negro'   , 14, 14);
insert into automovil(au_id, au_precio, au_color, au_asp_id, au_mau_id) values(15, 150.00, 'blanco'  , 15, 15);
insert into automovil(au_id, au_precio, au_color, au_asp_id, au_mau_id) values(16, 160.00, 'azul'    , 1 , 16);
insert into automovil(au_id, au_precio, au_color, au_asp_id, au_mau_id) values(17, 170.00, 'marron'  , 2 , 17);
insert into automovil(au_id, au_precio, au_color, au_asp_id, au_mau_id) values(18, 180.00, 'negro'   , 3 , 18);
insert into automovil(au_id, au_precio, au_color, au_asp_id, au_mau_id) values(19, 190.00, 'blanco'  , 4 , 19);
insert into automovil(au_id, au_precio, au_color, au_asp_id, au_mau_id) values(20, 200.00, 'plateado', 5 , 20);
insert into automovil(au_id, au_precio, au_color, au_asp_id, au_mau_id) values(21, 210.00, 'gris'    , 6 , 21);
insert into automovil(au_id, au_precio, au_color, au_asp_id, au_mau_id) values(22, 220.00, 'verde'   , 7 , 22);
insert into automovil(au_id, au_precio, au_color, au_asp_id, au_mau_id) values(23, 230.00, 'azul'    , 8 , 23);
insert into automovil(au_id, au_precio, au_color, au_asp_id, au_mau_id) values(24, 240.00, 'rojo'    , 9 , 24);
insert into automovil(au_id, au_precio, au_color, au_asp_id, au_mau_id) values(25, 250.00, 'morado'  , 10, 25);
insert into automovil(au_id, au_precio, au_color, au_asp_id, au_mau_id) values(26, 260.00, 'blanco'  , 11, 26);
insert into automovil(au_id, au_precio, au_color, au_asp_id, au_mau_id) values(27, 270.00, 'gris'    , 12, 27);
insert into automovil(au_id, au_precio, au_color, au_asp_id, au_mau_id) values(28, 280.00, 'rojo'    , 13, 28);
insert into automovil(au_id, au_precio, au_color, au_asp_id, au_mau_id) values(29, 290.00, 'morado'  , 14, 29);
insert into automovil(au_id, au_precio, au_color, au_asp_id, au_mau_id) values(30, 300.00, 'verde'   , 15, 30);

----------------------------------------------------------------------------
---------------------------------------HOTEL--------------------------------
----------------------------------------------------------------------------

---------------------------------------HOTEL--------------------------------
insert into vi_ho(ho_id, ho_nombre, ho_puntuacion, ho_locacion) values(1 , 'nayara'      , 4.8, reg_loc('Alajuela'        ,'Costa Rica' ,'702 road 21007'                ,null,null));
insert into vi_ho(ho_id, ho_nombre, ho_puntuacion, ho_locacion) values(2 , 'shinta'      , 4.7, reg_loc('Krong Siem Reap' ,'Camboya'    ,'Oum Khun St and 14th street'   ,null,null));
insert into vi_ho(ho_id, ho_nombre, ho_puntuacion, ho_locacion) values(3 , 'four-seasons', 4.8, reg_loc('Budapest'        ,'Hungria'    ,'Széchenyi István tér 5-6'      ,null,null));
insert into vi_ho(ho_id, ho_nombre, ho_puntuacion, ho_locacion) values(4 , 'belmond'     , 4.9, reg_loc('Cusco'           ,'Peru'       ,'Nazarenas 223'                 ,null,null));
insert into vi_ho(ho_id, ho_nombre, ho_puntuacion, ho_locacion) values(5 , 'alpin'       , 4.8, reg_loc('Vorderlanersbach','Austria'    ,'6293 Tux'                      ,null,null));
insert into vi_ho(ho_id, ho_nombre, ho_puntuacion, ho_locacion) values(6 , 'estalagem'   , 4.9, reg_loc('Gramado'         ,'Brasil'     ,'R. da Carrieri, 974 - Planalto',null,null));
insert into vi_ho(ho_id, ho_nombre, ho_puntuacion, ho_locacion) values(7 , 'tambo'       , 4.8, reg_loc('Urubamba'        ,'Peru'       ,'Sacred Valley, Av. Ferrocarril',null,null));
insert into vi_ho(ho_id, ho_nombre, ho_puntuacion, ho_locacion) values(8 , 'belvedere'   , 4.7, reg_loc('Riccione'        ,'Italia'     ,'Viale Gramsci, 95'             ,null,null));
insert into vi_ho(ho_id, ho_nombre, ho_puntuacion, ho_locacion) values(9 , 'mandarin'    , 4.7, reg_loc('Shanghai'        ,'China'      ,'111 Pudong S Rd, Pudong'       ,null,null));
insert into vi_ho(ho_id, ho_nombre, ho_puntuacion, ho_locacion) values(10, 'gritti'      , 4.7, reg_loc('Venecia'         ,'Italia'     ,'Campo Santa Maria del Giglio'  ,null,null));
insert into vi_ho(ho_id, ho_nombre, ho_puntuacion, ho_locacion) values(11, 'harvey'      , 4.8, reg_loc('Donegal'         ,'Irlanda'    ,'Lough Eske Rd, Tawnyvorgal'    ,null,null));
insert into vi_ho(ho_id, ho_nombre, ho_puntuacion, ho_locacion) values(12, 'haymarket'   , 4.6, reg_loc('Londres'         ,'Reino Unido','1 Suffolk Pl'                  ,null,null));
insert into vi_ho(ho_id, ho_nombre, ho_puntuacion, ho_locacion) values(13, 'kayakapi'    , 4.7, reg_loc('Urgup'           ,'Turquia'    ,'Kuşçular Sokak No:43'          ,null,null));
insert into vi_ho(ho_id, ho_nombre, ho_puntuacion, ho_locacion) values(14, 'savoy'       , 5.0, reg_loc('Sharm El Sheikh' ,'Egipto'     ,'Soho Square'                   ,null,null));
insert into vi_ho(ho_id, ho_nombre, ho_puntuacion, ho_locacion) values(15, 'eurobuilding', 4.6, reg_loc('Caracas'         ,'Venezuela'  ,'Calle La Guairita'             ,null,null));
---------------------------------------TIPO HABITACION--------------------------------
insert into tipo_habitacion(th_id, th_huespedes, th_precio, th_ho_id) values(1 , 4, 104.15, 1 );
insert into tipo_habitacion(th_id, th_huespedes, th_precio, th_ho_id) values(2 , 5, 220.96, 1 );
insert into tipo_habitacion(th_id, th_huespedes, th_precio, th_ho_id) values(3 , 3, 142.69, 2 );
insert into tipo_habitacion(th_id, th_huespedes, th_precio, th_ho_id) values(4 , 6, 179.90, 2 );
insert into tipo_habitacion(th_id, th_huespedes, th_precio, th_ho_id) values(5 , 5, 196.89, 3 );
insert into tipo_habitacion(th_id, th_huespedes, th_precio, th_ho_id) values(6 , 1, 213.78, 3 );
insert into tipo_habitacion(th_id, th_huespedes, th_precio, th_ho_id) values(7 , 1, 274.29, 4 );
insert into tipo_habitacion(th_id, th_huespedes, th_precio, th_ho_id) values(8 , 3, 201.81, 4 );
insert into tipo_habitacion(th_id, th_huespedes, th_precio, th_ho_id) values(9 , 4, 204.62, 5 );
insert into tipo_habitacion(th_id, th_huespedes, th_precio, th_ho_id) values(10, 3, 127.95, 5 );
insert into tipo_habitacion(th_id, th_huespedes, th_precio, th_ho_id) values(11, 4, 155.00, 6 );
insert into tipo_habitacion(th_id, th_huespedes, th_precio, th_ho_id) values(12, 5, 137.42, 6 );
insert into tipo_habitacion(th_id, th_huespedes, th_precio, th_ho_id) values(13, 6, 287.02, 7 );
insert into tipo_habitacion(th_id, th_huespedes, th_precio, th_ho_id) values(14, 2, 192.32, 7 );
insert into tipo_habitacion(th_id, th_huespedes, th_precio, th_ho_id) values(15, 4, 267.08, 8 );
insert into tipo_habitacion(th_id, th_huespedes, th_precio, th_ho_id) values(16, 5, 281.76, 8 );
insert into tipo_habitacion(th_id, th_huespedes, th_precio, th_ho_id) values(17, 3, 121.10, 9 );
insert into tipo_habitacion(th_id, th_huespedes, th_precio, th_ho_id) values(18, 1, 242.80, 9 );
insert into tipo_habitacion(th_id, th_huespedes, th_precio, th_ho_id) values(19, 1, 220.99, 10);
insert into tipo_habitacion(th_id, th_huespedes, th_precio, th_ho_id) values(20, 5, 237.02, 10);
insert into tipo_habitacion(th_id, th_huespedes, th_precio, th_ho_id) values(21, 2, 135.52, 11);
insert into tipo_habitacion(th_id, th_huespedes, th_precio, th_ho_id) values(22, 4, 246.45, 11);
insert into tipo_habitacion(th_id, th_huespedes, th_precio, th_ho_id) values(23, 6, 262.61, 12);
insert into tipo_habitacion(th_id, th_huespedes, th_precio, th_ho_id) values(24, 3, 280.35, 12);
insert into tipo_habitacion(th_id, th_huespedes, th_precio, th_ho_id) values(25, 2, 187.45, 13);
insert into tipo_habitacion(th_id, th_huespedes, th_precio, th_ho_id) values(26, 1, 159.82, 13);
insert into tipo_habitacion(th_id, th_huespedes, th_precio, th_ho_id) values(27, 5, 159.29, 14);
insert into tipo_habitacion(th_id, th_huespedes, th_precio, th_ho_id) values(28, 2, 195.51, 14);
insert into tipo_habitacion(th_id, th_huespedes, th_precio, th_ho_id) values(29, 5, 206.11, 15);
insert into tipo_habitacion(th_id, th_huespedes, th_precio, th_ho_id) values(30, 1, 251.79, 15);
---------------------------------------HABITACION--------------------------------
insert into habitacion(ha_id, ha_th_id) values(1 , 1 );
insert into habitacion(ha_id, ha_th_id) values(2 , 1 );
insert into habitacion(ha_id, ha_th_id) values(3 , 2 );
insert into habitacion(ha_id, ha_th_id) values(4 , 2 );
insert into habitacion(ha_id, ha_th_id) values(5 , 3 );
insert into habitacion(ha_id, ha_th_id) values(6 , 3 );
insert into habitacion(ha_id, ha_th_id) values(7 , 4 );
insert into habitacion(ha_id, ha_th_id) values(8 , 4 );
insert into habitacion(ha_id, ha_th_id) values(9 , 5 );
insert into habitacion(ha_id, ha_th_id) values(10, 5 );
insert into habitacion(ha_id, ha_th_id) values(11, 6 );
insert into habitacion(ha_id, ha_th_id) values(12, 6 );
insert into habitacion(ha_id, ha_th_id) values(13, 7 );
insert into habitacion(ha_id, ha_th_id) values(14, 7 );
insert into habitacion(ha_id, ha_th_id) values(15, 8 );
insert into habitacion(ha_id, ha_th_id) values(16, 8 );
insert into habitacion(ha_id, ha_th_id) values(17, 9 );
insert into habitacion(ha_id, ha_th_id) values(18, 9 );
insert into habitacion(ha_id, ha_th_id) values(19, 10);
insert into habitacion(ha_id, ha_th_id) values(20, 10);
insert into habitacion(ha_id, ha_th_id) values(21, 11);
insert into habitacion(ha_id, ha_th_id) values(22, 11);
insert into habitacion(ha_id, ha_th_id) values(23, 12);
insert into habitacion(ha_id, ha_th_id) values(24, 12);
insert into habitacion(ha_id, ha_th_id) values(25, 13);
insert into habitacion(ha_id, ha_th_id) values(26, 13);
insert into habitacion(ha_id, ha_th_id) values(27, 14);
insert into habitacion(ha_id, ha_th_id) values(28, 14);
insert into habitacion(ha_id, ha_th_id) values(29, 15);
insert into habitacion(ha_id, ha_th_id) values(30, 15);
insert into habitacion(ha_id, ha_th_id) values(31, 16);
insert into habitacion(ha_id, ha_th_id) values(32, 16);
insert into habitacion(ha_id, ha_th_id) values(33, 17);
insert into habitacion(ha_id, ha_th_id) values(34, 17);
insert into habitacion(ha_id, ha_th_id) values(35, 18);
insert into habitacion(ha_id, ha_th_id) values(36, 18);
insert into habitacion(ha_id, ha_th_id) values(37, 19);
insert into habitacion(ha_id, ha_th_id) values(38, 19);
insert into habitacion(ha_id, ha_th_id) values(39, 20);
insert into habitacion(ha_id, ha_th_id) values(40, 20);
insert into habitacion(ha_id, ha_th_id) values(41, 21);
insert into habitacion(ha_id, ha_th_id) values(42, 21);
insert into habitacion(ha_id, ha_th_id) values(43, 22);
insert into habitacion(ha_id, ha_th_id) values(44, 22);
insert into habitacion(ha_id, ha_th_id) values(45, 23);
insert into habitacion(ha_id, ha_th_id) values(46, 23);
insert into habitacion(ha_id, ha_th_id) values(47, 24);
insert into habitacion(ha_id, ha_th_id) values(48, 24);
insert into habitacion(ha_id, ha_th_id) values(49, 25);
insert into habitacion(ha_id, ha_th_id) values(50, 25);
insert into habitacion(ha_id, ha_th_id) values(51, 26);
insert into habitacion(ha_id, ha_th_id) values(52, 26);
insert into habitacion(ha_id, ha_th_id) values(53, 27);
insert into habitacion(ha_id, ha_th_id) values(54, 27);
insert into habitacion(ha_id, ha_th_id) values(55, 28);
insert into habitacion(ha_id, ha_th_id) values(56, 28);
insert into habitacion(ha_id, ha_th_id) values(57, 29);
insert into habitacion(ha_id, ha_th_id) values(58, 29);
insert into habitacion(ha_id, ha_th_id) values(59, 30);
insert into habitacion(ha_id, ha_th_id) values(60, 30);

----------------------------------------------------------------------------
---------------------------------------VUELO PLAN---------------------------
----------------------------------------------------------------------------

---------------------------------------AEROLINEA--------------------------------
insert into vi_al(al_id, al_nombre, al_tipo) values(1 , 'lufthansa'  , 'REG');
insert into vi_al(al_id, al_nombre, al_tipo) values(2 , 'taca'       , 'REG');
insert into vi_al(al_id, al_nombre, al_tipo) values(3 , 'avianca'    , 'REG');
insert into vi_al(al_id, al_nombre, al_tipo) values(4 , 'copa'       , 'REG');
insert into vi_al(al_id, al_nombre, al_tipo) values(5 , 'air-france' , 'REG');
insert into vi_al(al_id, al_nombre, al_tipo) values(6 , 'emirates'   , 'RED');
insert into vi_al(al_id, al_nombre, al_tipo) values(7 , 'air-china'  , 'RED');
insert into vi_al(al_id, al_nombre, al_tipo) values(8 , 'aeropostal' , 'RED');
insert into vi_al(al_id, al_nombre, al_tipo) values(9 , 'airBaltic'  , 'RED');
insert into vi_al(al_id, al_nombre, al_tipo) values(10, 'aeromexico' , 'RED');
insert into vi_al(al_id, al_nombre, al_tipo) values(11, 'brussels'   , 'ESC');
insert into vi_al(al_id, al_nombre, al_tipo) values(12, 'british'    , 'ESC');
insert into vi_al(al_id, al_nombre, al_tipo) values(13, 'singapore'  , 'ESC');
insert into vi_al(al_id, al_nombre, al_tipo) values(14, 'egypt-air'  , 'ESC');
insert into vi_al(al_id, al_nombre, al_tipo) values(15, 'continental', 'ESC');
---------------------------------------AVION--------------------------------
insert into avion(av_id, av_nombre) values(1 , 'Bombardier'       );
insert into avion(av_id, av_nombre) values(2 , 'Embraer'          );
insert into avion(av_id, av_nombre) values(3 , 'Fokker'           );
insert into avion(av_id, av_nombre) values(4 , 'ATR'              );
insert into avion(av_id, av_nombre) values(5 , 'Airbus'           );
insert into avion(av_id, av_nombre) values(6 , 'Boeing'           );
insert into avion(av_id, av_nombre) values(7 , 'McDonnell Douglas');
insert into avion(av_id, av_nombre) values(8 , 'Gulfstream'       );
insert into avion(av_id, av_nombre) values(9 , 'Beechcraft'       );
insert into avion(av_id, av_nombre) values(10, 'Learjet'          );
insert into avion(av_id, av_nombre) values(11, 'Eclipse'          ); 
insert into avion(av_id, av_nombre) values(12, 'Pilatus'          );
insert into avion(av_id, av_nombre) values(13, 'Cirrus'           );
insert into avion(av_id, av_nombre) values(14, 'Cessna'           );
insert into avion(av_id, av_nombre) values(15, 'Piaggio'          );
---------------------------------------MODELO_AVION--------------------------------
insert into vi_mav(mav_id, mav_nombre, mav_vel_max, mav_alc, mav_alt_max, mav_enverg, mav_anch_cab, mav_alt_cab, mav_av_id) values (1 , 'crj-1000' , 891, 16616, 15624, 71.22, 3.35, 3.93, 1 );
insert into vi_mav(mav_id, mav_nombre, mav_vel_max, mav_alc, mav_alt_max, mav_enverg, mav_anch_cab, mav_alt_cab, mav_av_id) values (2 , 'crj-100'  , 931, 15737, 13245, 76.70, 3.00, 3.25, 1 );
insert into vi_mav(mav_id, mav_nombre, mav_vel_max, mav_alc, mav_alt_max, mav_enverg, mav_anch_cab, mav_alt_cab, mav_av_id) values (3 , 'crj-700'  , 918, 17390, 14327, 66.36, 3.74, 3.10, 1 );
insert into vi_mav(mav_id, mav_nombre, mav_vel_max, mav_alc, mav_alt_max, mav_enverg, mav_anch_cab, mav_alt_cab, mav_av_id) values (4 , '175-200ar', 893, 16255, 13406, 75.08, 3.95, 3.44, 2 );
insert into vi_mav(mav_id, mav_nombre, mav_vel_max, mav_alc, mav_alt_max, mav_enverg, mav_anch_cab, mav_alt_cab, mav_av_id) values (5 , '190-100lr', 900, 16245, 13359, 70.83, 3.14, 3.46, 2 );
insert into vi_mav(mav_id, mav_nombre, mav_vel_max, mav_alc, mav_alt_max, mav_enverg, mav_anch_cab, mav_alt_cab, mav_av_id) values (6 , '195-std'  , 909, 17040, 14747, 71.92, 3.54, 3.98, 2 );
insert into vi_mav(mav_id, mav_nombre, mav_vel_max, mav_alc, mav_alt_max, mav_enverg, mav_anch_cab, mav_alt_cab, mav_av_id) values (7 , '100'      , 927, 15956, 13809, 63.68, 3.59, 3.45, 3 );
insert into vi_mav(mav_id, mav_nombre, mav_vel_max, mav_alc, mav_alt_max, mav_enverg, mav_anch_cab, mav_alt_cab, mav_av_id) values (8 , '70'       , 918, 15959, 14193, 78.91, 3.82, 3.99, 3 );
insert into vi_mav(mav_id, mav_nombre, mav_vel_max, mav_alc, mav_alt_max, mav_enverg, mav_anch_cab, mav_alt_cab, mav_av_id) values (9 , '50'       , 909, 14771, 14671, 77.14, 3.44, 3.53, 3 );
insert into vi_mav(mav_id, mav_nombre, mav_vel_max, mav_alc, mav_alt_max, mav_enverg, mav_anch_cab, mav_alt_cab, mav_av_id) values (10, '42-300'   , 917, 15754, 12895, 66.23, 3.32, 3.01, 4 );
insert into vi_mav(mav_id, mav_nombre, mav_vel_max, mav_alc, mav_alt_max, mav_enverg, mav_anch_cab, mav_alt_cab, mav_av_id) values (11, '72-201'   , 913, 15979, 13554, 74.19, 3.59, 3.08, 4 );
insert into vi_mav(mav_id, mav_nombre, mav_vel_max, mav_alc, mav_alt_max, mav_enverg, mav_anch_cab, mav_alt_cab, mav_av_id) values (12, 'a318'     , 890, 14491, 14326, 63.58, 3.70, 2.87, 5 );
insert into vi_mav(mav_id, mav_nombre, mav_vel_max, mav_alc, mav_alt_max, mav_enverg, mav_anch_cab, mav_alt_cab, mav_av_id) values (13, 'a319'     , 915, 16586, 12882, 71.20, 3.06, 3.27, 5 );
insert into vi_mav(mav_id, mav_nombre, mav_vel_max, mav_alc, mav_alt_max, mav_enverg, mav_anch_cab, mav_alt_cab, mav_av_id) values (14, 'a320'     , 916, 14727, 15610, 64.46, 3.89, 3.29, 5 );
insert into vi_mav(mav_id, mav_nombre, mav_vel_max, mav_alc, mav_alt_max, mav_enverg, mav_anch_cab, mav_alt_cab, mav_av_id) values (15, 'a321'     , 933, 16260, 15578, 67.01, 3.94, 2.98, 5 );
insert into vi_mav(mav_id, mav_nombre, mav_vel_max, mav_alc, mav_alt_max, mav_enverg, mav_anch_cab, mav_alt_cab, mav_av_id) values (16, '737-600'  , 926, 15609, 14854, 68.08, 3.19, 3.37, 6 );
insert into vi_mav(mav_id, mav_nombre, mav_vel_max, mav_alc, mav_alt_max, mav_enverg, mav_anch_cab, mav_alt_cab, mav_av_id) values (17, '757-200'  , 933, 14643, 13177, 73.87, 3.89, 3.91, 6 );
insert into vi_mav(mav_id, mav_nombre, mav_vel_max, mav_alc, mav_alt_max, mav_enverg, mav_anch_cab, mav_alt_cab, mav_av_id) values (18, '777-200'  , 904, 14958, 15296, 73.58, 3.87, 2.99, 6 );
insert into vi_mav(mav_id, mav_nombre, mav_vel_max, mav_alc, mav_alt_max, mav_enverg, mav_anch_cab, mav_alt_cab, mav_av_id) values (19, '787-3'    , 932, 15380, 15637, 63.94, 3.13, 3.32, 6 );
insert into vi_mav(mav_id, mav_nombre, mav_vel_max, mav_alc, mav_alt_max, mav_enverg, mav_anch_cab, mav_alt_cab, mav_av_id) values (20, 'dc9-81'   , 885, 17103, 15452, 74.39, 3.05, 2.92, 7 );
insert into vi_mav(mav_id, mav_nombre, mav_vel_max, mav_alc, mav_alt_max, mav_enverg, mav_anch_cab, mav_alt_cab, mav_av_id) values (21, 'md-87'    , 905, 17230, 14471, 64.30, 3.60, 3.59, 7 );
insert into vi_mav(mav_id, mav_nombre, mav_vel_max, mav_alc, mav_alt_max, mav_enverg, mav_anch_cab, mav_alt_cab, mav_av_id) values (22, 'md-90-30' , 918, 16842, 15184, 64.45, 3.14, 3.20, 7 );
insert into vi_mav(mav_id, mav_nombre, mav_vel_max, mav_alc, mav_alt_max, mav_enverg, mav_anch_cab, mav_alt_cab, mav_av_id) values (23, 'g200'     , 926, 17114, 13279, 68.09, 3.63, 3.57, 8 );
insert into vi_mav(mav_id, mav_nombre, mav_vel_max, mav_alc, mav_alt_max, mav_enverg, mav_anch_cab, mav_alt_cab, mav_av_id) values (24, '350i'     , 920, 15778, 15620, 63.67, 3.47, 3.54, 9 );
insert into vi_mav(mav_id, mav_nombre, mav_vel_max, mav_alc, mav_alt_max, mav_enverg, mav_anch_cab, mav_alt_cab, mav_av_id) values (25, '60'       , 911, 16772, 14429, 77.85, 3.27, 3.07, 10);
insert into vi_mav(mav_id, mav_nombre, mav_vel_max, mav_alc, mav_alt_max, mav_enverg, mav_anch_cab, mav_alt_cab, mav_av_id) values (26, '500'      , 894, 16133, 13875, 78.53, 3.36, 2.68, 11);
insert into vi_mav(mav_id, mav_nombre, mav_vel_max, mav_alc, mav_alt_max, mav_enverg, mav_anch_cab, mav_alt_cab, mav_av_id) values (27, 'pc-24'    , 932, 17376, 13443, 74.69, 3.93, 3.86, 12);
insert into vi_mav(mav_id, mav_nombre, mav_vel_max, mav_alc, mav_alt_max, mav_enverg, mav_anch_cab, mav_alt_cab, mav_av_id) values (28, 'g2'       , 898, 14711, 14291, 64.74, 3.31, 3.75, 13);
insert into vi_mav(mav_id, mav_nombre, mav_vel_max, mav_alc, mav_alt_max, mav_enverg, mav_anch_cab, mav_alt_cab, mav_av_id) values (29, 'cj3'      , 898, 15297, 13439, 63.53, 3.72, 3.63, 14);
insert into vi_mav(mav_id, mav_nombre, mav_vel_max, mav_alc, mav_alt_max, mav_enverg, mav_anch_cab, mav_alt_cab, mav_av_id) values (30, 'avanti-ii', 892, 14462, 13126, 73.07, 3.60, 2.52, 15);
