----------------------------------------------------------------------------
---------------------------------------ALQUILER_AUTO------------------------
----------------------------------------------------------------------------

--------------------------------------ALQUILER_SP---------------------------
insert into vi_asp(asp_id, asp_nombre) values(1, 'alamo'     );
insert into vi_asp(asp_id, asp_nombre) values(2, 'avis'      );
insert into vi_asp(asp_id, asp_nombre) values(3, 'centauro'  );
insert into vi_asp(asp_id, asp_nombre) values(4, 'dollar'    );
insert into vi_asp(asp_id, asp_nombre) values(5, 'enterprise');
insert into vi_asp(asp_id, asp_nombre) values(6, 'europcar'  );
insert into vi_asp(asp_id, asp_nombre) values(7, 'firefly'   );
insert into vi_asp(asp_id, asp_nombre) values(8, 'goldcar'   );
insert into vi_asp(asp_id, asp_nombre) values(9, 'hertz'     );
insert into vi_asp(asp_id, asp_nombre) values(10,'interrent' );
insert into vi_asp(asp_id, asp_nombre) values(11,'keddy'     );
insert into vi_asp(asp_id, asp_nombre) values(12,'locauto'   );
insert into vi_asp(asp_id, asp_nombre) values(13,'national'  );
insert into vi_asp(asp_id, asp_nombre) values(14,'sixt'      );
insert into vi_asp(asp_id, asp_nombre) values(15,'unirent'   );
---------------------------------------MARCA-------------------------------
insert into marca(m_id, m_nombre) values(1, 'toyota'       );
insert into marca(m_id, m_nombre) values(2, 'mercedes-benz');
insert into marca(m_id, m_nombre) values(3, 'bmw'          );
insert into marca(m_id, m_nombre) values(4, 'honda'        );
insert into marca(m_id, m_nombre) values(5, 'ford'         );
insert into marca(m_id, m_nombre) values(6, 'hyundai'      );
insert into marca(m_id, m_nombre) values(7, 'audi'         );
insert into marca(m_id, m_nombre) values(8, 'nissan'       );
insert into marca(m_id, m_nombre) values(9, 'volkswagen'   );
insert into marca(m_id, m_nombre) values(10,'porsche'      );
insert into marca(m_id, m_nombre) values(11,'kia'          );
insert into marca(m_id, m_nombre) values(12,'land-rover'   );
insert into marca(m_id, m_nombre) values(13,'mini'         );
insert into marca(m_id, m_nombre) values(14,'ferrari'      );
insert into marca(m_id, m_nombre) values(15,'tesla'        );
-------------------------------MODELO_AUTO----------------------------------
insert into vi_mau(mau_id, mau_nombre, mau_pasajeros, mau_m_id) values(1 ,'aygo'    , 2, 1);
insert into vi_mau(mau_id, mau_nombre, mau_pasajeros, mau_m_id) values(2 ,'camry'   , 4, 1);
insert into vi_mau(mau_id, mau_nombre, mau_pasajeros, mau_m_id) values(3 ,'clase-c' , 4, 2);
insert into vi_mau(mau_id, mau_nombre, mau_pasajeros, mau_m_id) values(4 ,'cls'     , 4, 2 );
insert into vi_mau(mau_id, mau_nombre, mau_pasajeros, mau_m_id) values(5 ,'x1'      , 4, 3 );
insert into vi_mau(mau_id, mau_nombre, mau_pasajeros, mau_m_id) values(6 ,'x5'      , 4, 3 );
insert into vi_mau(mau_id, mau_nombre, mau_pasajeros, mau_m_id) values(7 ,'civic'   , 4, 4 );
insert into vi_mau(mau_id, mau_nombre, mau_pasajeros, mau_m_id) values(8 ,'jazz'    , 4, 4 );
insert into vi_mau(mau_id, mau_nombre, mau_pasajeros, mau_m_id) values(9 ,'mondeo'  , 4, 5 );
insert into vi_mau(mau_id, mau_nombre, mau_pasajeros, mau_m_id) values(10,'puma'    , 4, 5 );
insert into vi_mau(mau_id, mau_nombre, mau_pasajeros, mau_m_id) values(11,'i20'     , 4, 6 );
insert into vi_mau(mau_id, mau_nombre, mau_pasajeros, mau_m_id) values(12,'i30'     , 4, 6 );
insert into vi_mau(mau_id, mau_nombre, mau_pasajeros, mau_m_id) values(13,'a4'      , 4, 7 );
insert into vi_mau(mau_id, mau_nombre, mau_pasajeros, mau_m_id) values(14,'a1'      , 4, 7 );
insert into vi_mau(mau_id, mau_nombre, mau_pasajeros, mau_m_id) values(15,'juke'    , 4, 8 );
insert into vi_mau(mau_id, mau_nombre, mau_pasajeros, mau_m_id) values(16,'gt-r'    , 4, 8 );
insert into vi_mau(mau_id, mau_nombre, mau_pasajeros, mau_m_id) values(17,'passat'  , 4, 9 );
insert into vi_mau(mau_id, mau_nombre, mau_pasajeros, mau_m_id) values(18,'t-cross' , 4, 9 );
insert into vi_mau(mau_id, mau_nombre, mau_pasajeros, mau_m_id) values(19,'macan'   , 4, 10);
insert into vi_mau(mau_id, mau_nombre, mau_pasajeros, mau_m_id) values(20,'911'     , 4, 10);
insert into vi_mau(mau_id, mau_nombre, mau_pasajeros, mau_m_id) values(21,'ceed'    , 4, 11);
insert into vi_mau(mau_id, mau_nombre, mau_pasajeros, mau_m_id) values(22,'optima'  , 4, 11);
insert into vi_mau(mau_id, mau_nombre, mau_pasajeros, mau_m_id) values(23,'defender', 4, 12);
insert into vi_mau(mau_id, mau_nombre, mau_pasajeros, mau_m_id) values(24,'evoque'  , 4, 12);
insert into vi_mau(mau_id, mau_nombre, mau_pasajeros, mau_m_id) values(25,'clubman' , 4, 13);
insert into vi_mau(mau_id, mau_nombre, mau_pasajeros, mau_m_id) values(26,'mini'    , 4, 13);
insert into vi_mau(mau_id, mau_nombre, mau_pasajeros, mau_m_id) values(27,'f8'      , 4, 14);
insert into vi_mau(mau_id, mau_nombre, mau_pasajeros, mau_m_id) values(28,'roma'    , 4, 14);
insert into vi_mau(mau_id, mau_nombre, mau_pasajeros, mau_m_id) values(29,'model-y' , 4, 15);
insert into vi_mau(mau_id, mau_nombre, mau_pasajeros, mau_m_id) values(30,'model-s' , 4, 15);
--------------------------------------AUTOMOVIL-----------------------------------
insert into automovil(au_id, au_precio, au_color, au_asp_id, au_mau_id, au_status) values(1 , 10.00 , 'rojo'    , 1 , 1 ,reg_sta('ACT'));
insert into automovil(au_id, au_precio, au_color, au_asp_id, au_mau_id, au_status) values(2 , 20.00 , 'azul'    , 2 , 2 ,reg_sta('ACT'));
insert into automovil(au_id, au_precio, au_color, au_asp_id, au_mau_id, au_status) values(3 , 30.00 , 'amarillo', 3 , 3 ,reg_sta('ACT'));
insert into automovil(au_id, au_precio, au_color, au_asp_id, au_mau_id, au_status) values(4 , 40.00 , 'verde'   , 4 , 4 ,reg_sta('ACT'));
insert into automovil(au_id, au_precio, au_color, au_asp_id, au_mau_id, au_status) values(5 , 50.00 , 'morado'  , 5 , 5 ,reg_sta('ACT'));
insert into automovil(au_id, au_precio, au_color, au_asp_id, au_mau_id, au_status) values(6 , 60.00 , 'plateado', 6 , 6 ,reg_sta('ACT'));
insert into automovil(au_id, au_precio, au_color, au_asp_id, au_mau_id, au_status) values(7 , 70.00 , 'rojo'    , 7 , 7 ,reg_sta('ACT'));
insert into automovil(au_id, au_precio, au_color, au_asp_id, au_mau_id, au_status) values(8 , 80.00 , 'azul'    , 8 , 8 ,reg_sta('ACT'));
insert into automovil(au_id, au_precio, au_color, au_asp_id, au_mau_id, au_status) values(9 , 90.00 , 'morado'  , 9 , 9 ,reg_sta('ACT'));
insert into automovil(au_id, au_precio, au_color, au_asp_id, au_mau_id, au_status) values(10, 100.00, 'verde'   , 10, 10,reg_sta('ACT'));
insert into automovil(au_id, au_precio, au_color, au_asp_id, au_mau_id, au_status) values(11, 110.00, 'naranja' , 11, 11,reg_sta('ACT'));
insert into automovil(au_id, au_precio, au_color, au_asp_id, au_mau_id, au_status) values(12, 120.00, 'amarillo', 12, 12,reg_sta('ACT'));
insert into automovil(au_id, au_precio, au_color, au_asp_id, au_mau_id, au_status) values(13, 130.00, 'verde'   , 13, 13,reg_sta('ACT'));
insert into automovil(au_id, au_precio, au_color, au_asp_id, au_mau_id, au_status) values(14, 140.00, 'negro'   , 14, 14,reg_sta('ACT'));
insert into automovil(au_id, au_precio, au_color, au_asp_id, au_mau_id, au_status) values(15, 150.00, 'blanco'  , 15, 15,reg_sta('ACT'));
insert into automovil(au_id, au_precio, au_color, au_asp_id, au_mau_id, au_status) values(16, 160.00, 'azul'    , 1 , 16,reg_sta('ACT'));
insert into automovil(au_id, au_precio, au_color, au_asp_id, au_mau_id, au_status) values(17, 170.00, 'marron'  , 2 , 17,reg_sta('ACT'));
insert into automovil(au_id, au_precio, au_color, au_asp_id, au_mau_id, au_status) values(18, 180.00, 'negro'   , 3 , 18,reg_sta('ACT'));
insert into automovil(au_id, au_precio, au_color, au_asp_id, au_mau_id, au_status) values(19, 190.00, 'blanco'  , 4 , 19,reg_sta('ACT'));
insert into automovil(au_id, au_precio, au_color, au_asp_id, au_mau_id, au_status) values(20, 200.00, 'plateado', 5 , 20,reg_sta('ACT'));
insert into automovil(au_id, au_precio, au_color, au_asp_id, au_mau_id, au_status) values(21, 210.00, 'gris'    , 6 , 21,reg_sta('ACT'));
insert into automovil(au_id, au_precio, au_color, au_asp_id, au_mau_id, au_status) values(22, 220.00, 'verde'   , 7 , 22,reg_sta('ACT'));
insert into automovil(au_id, au_precio, au_color, au_asp_id, au_mau_id, au_status) values(23, 230.00, 'azul'    , 8 , 23,reg_sta('ACT'));
insert into automovil(au_id, au_precio, au_color, au_asp_id, au_mau_id, au_status) values(24, 240.00, 'rojo'    , 9 , 24,reg_sta('ACT'));
insert into automovil(au_id, au_precio, au_color, au_asp_id, au_mau_id, au_status) values(25, 250.00, 'morado'  , 10, 25,reg_sta('ACT'));
insert into automovil(au_id, au_precio, au_color, au_asp_id, au_mau_id, au_status) values(26, 260.00, 'blanco'  , 11, 26,reg_sta('ACT'));
insert into automovil(au_id, au_precio, au_color, au_asp_id, au_mau_id, au_status) values(27, 270.00, 'gris'    , 12, 27,reg_sta('ACT'));
insert into automovil(au_id, au_precio, au_color, au_asp_id, au_mau_id, au_status) values(28, 280.00, 'rojo'    , 13, 28,reg_sta('ACT'));
insert into automovil(au_id, au_precio, au_color, au_asp_id, au_mau_id, au_status) values(29, 290.00, 'morado'  , 14, 29,reg_sta('ACT'));
insert into automovil(au_id, au_precio, au_color, au_asp_id, au_mau_id, au_status) values(30, 300.00, 'verde'   , 15, 30,reg_sta('ACT'));

----------------------------------------------------------------------------
---------------------------------------HOTEL--------------------------------
----------------------------------------------------------------------------

---------------------------------------HOTEL--------------------------------
insert into vi_ho(ho_id, ho_nombre, ho_puntuacion, ho_locacion) values(1 , 'nayara'      , 4.8, reg_loc('Alajuela'        ,'Costa Rica' ,'702 road 21007'                ,null,null));
insert into vi_ho(ho_id, ho_nombre, ho_puntuacion, ho_locacion) values(2 , 'shinta'      , 4.7, reg_loc('Krong Siem Reap' ,'Camboya'    ,'Oum Khun St and 14th street'   ,null,null));
insert into vi_ho(ho_id, ho_nombre, ho_puntuacion, ho_locacion) values(3 , 'four-seasons', 4.8, reg_loc('Budapest'        ,'Hungria'    ,'Széchenyi István tér 5-6'      ,null,null));
insert into vi_ho(ho_id, ho_nombre, ho_puntuacion, ho_locacion) values(4 , 'belmond'     , 4.9, reg_loc('Cusco'           ,'Peru'       ,'Nazarenas 223'                 ,null,null));
insert into vi_ho(ho_id, ho_nombre, ho_puntuacion, ho_locacion) values(5 , 'alpin'       , 4.8, reg_loc('Vorderlanersbach','Austria'    ,'6293 Tux'                      ,null,null));
insert into vi_ho(ho_id, ho_nombre, ho_puntuacion, ho_locacion) values(6 , 'estalagem'   , 4.9, reg_loc('Gramado'         ,'Brasil'     ,'R. da Carrieri, 974 - Planalto',null,null));
insert into vi_ho(ho_id, ho_nombre, ho_puntuacion, ho_locacion) values(7 , 'tambo'       , 4.8, reg_loc('Madrid'          ,'España'     ,'Sacred Valley, Av. Ferrocarril',null,null));
insert into vi_ho(ho_id, ho_nombre, ho_puntuacion, ho_locacion) values(8 , 'belvedere'   , 4.7, reg_loc('Roma'            ,'Italia'     ,'Viale Gramsci, 95'             ,null,null));
insert into vi_ho(ho_id, ho_nombre, ho_puntuacion, ho_locacion) values(9 , 'mandarin'    , 4.7, reg_loc('Shanghai'        ,'China'      ,'111 Pudong S Rd, Pudong'       ,null,null));
insert into vi_ho(ho_id, ho_nombre, ho_puntuacion, ho_locacion) values(10, 'gritti'      , 4.7, reg_loc('Tokio'           ,'Japon'      ,'Campo Santa Maria del Giglio'  ,null,null));
insert into vi_ho(ho_id, ho_nombre, ho_puntuacion, ho_locacion) values(11, 'harvey'      , 4.8, reg_loc('Donegal'         ,'Irlanda'    ,'Lough Eske Rd, Tawnyvorgal'    ,null,null));
insert into vi_ho(ho_id, ho_nombre, ho_puntuacion, ho_locacion) values(12, 'haymarket'   , 4.6, reg_loc('Londres'         ,'Reino Unido','1 Suffolk Pl'                  ,null,null));
insert into vi_ho(ho_id, ho_nombre, ho_puntuacion, ho_locacion) values(13, 'kayakapi'    , 4.7, reg_loc('Urgup'           ,'Turquia'    ,'Kuşçular Sokak No:43'          ,null,null));
insert into vi_ho(ho_id, ho_nombre, ho_puntuacion, ho_locacion) values(14, 'savoy'       , 5.0, reg_loc('Sharm El Sheikh' ,'Egipto'     ,'Soho Square'                   ,null,null));
insert into vi_ho(ho_id, ho_nombre, ho_puntuacion, ho_locacion) values(15, 'eurobuilding', 4.6, reg_loc('Caracas'         ,'Venezuela'  ,'Calle La Guairita'             ,null,null));
---------------------------------------TIPO HABITACION--------------------------------
insert into tipo_habitacion(th_id, th_huespedes, th_precio, th_ho_id) values(1 , 4, 104.15, 1 );
insert into tipo_habitacion(th_id, th_huespedes, th_precio, th_ho_id) values(2 , 5, 220.96, 1 );
insert into tipo_habitacion(th_id, th_huespedes, th_precio, th_ho_id) values(3 , 3, 142.69, 2 );
insert into tipo_habitacion(th_id, th_huespedes, th_precio, th_ho_id) values(4 , 6, 179.90, 2 );
insert into tipo_habitacion(th_id, th_huespedes, th_precio, th_ho_id) values(5 , 5, 196.89, 3 );
insert into tipo_habitacion(th_id, th_huespedes, th_precio, th_ho_id) values(6 , 1, 213.78, 3 );
insert into tipo_habitacion(th_id, th_huespedes, th_precio, th_ho_id) values(7 , 1, 274.29, 4 );
insert into tipo_habitacion(th_id, th_huespedes, th_precio, th_ho_id) values(8 , 3, 201.81, 4 );
insert into tipo_habitacion(th_id, th_huespedes, th_precio, th_ho_id) values(9 , 4, 204.62, 5 );
insert into tipo_habitacion(th_id, th_huespedes, th_precio, th_ho_id) values(10, 3, 127.95, 5 );
insert into tipo_habitacion(th_id, th_huespedes, th_precio, th_ho_id) values(11, 4, 155.00, 6 );
insert into tipo_habitacion(th_id, th_huespedes, th_precio, th_ho_id) values(12, 5, 137.42, 6 );
insert into tipo_habitacion(th_id, th_huespedes, th_precio, th_ho_id) values(13, 6, 287.02, 7 );
insert into tipo_habitacion(th_id, th_huespedes, th_precio, th_ho_id) values(14, 2, 192.32, 7 );
insert into tipo_habitacion(th_id, th_huespedes, th_precio, th_ho_id) values(15, 4, 267.08, 8 );
insert into tipo_habitacion(th_id, th_huespedes, th_precio, th_ho_id) values(16, 5, 281.76, 8 );
insert into tipo_habitacion(th_id, th_huespedes, th_precio, th_ho_id) values(17, 3, 121.10, 9 );
insert into tipo_habitacion(th_id, th_huespedes, th_precio, th_ho_id) values(18, 1, 242.80, 9 );
insert into tipo_habitacion(th_id, th_huespedes, th_precio, th_ho_id) values(19, 1, 220.99, 10);
insert into tipo_habitacion(th_id, th_huespedes, th_precio, th_ho_id) values(20, 5, 237.02, 10);
insert into tipo_habitacion(th_id, th_huespedes, th_precio, th_ho_id) values(21, 2, 135.52, 11);
insert into tipo_habitacion(th_id, th_huespedes, th_precio, th_ho_id) values(22, 4, 246.45, 11);
insert into tipo_habitacion(th_id, th_huespedes, th_precio, th_ho_id) values(23, 6, 262.61, 12);
insert into tipo_habitacion(th_id, th_huespedes, th_precio, th_ho_id) values(24, 3, 280.35, 12);
insert into tipo_habitacion(th_id, th_huespedes, th_precio, th_ho_id) values(25, 2, 187.45, 13);
insert into tipo_habitacion(th_id, th_huespedes, th_precio, th_ho_id) values(26, 1, 159.82, 13);
insert into tipo_habitacion(th_id, th_huespedes, th_precio, th_ho_id) values(27, 5, 159.29, 14);
insert into tipo_habitacion(th_id, th_huespedes, th_precio, th_ho_id) values(28, 2, 195.51, 14);
insert into tipo_habitacion(th_id, th_huespedes, th_precio, th_ho_id) values(29, 5, 206.11, 15);
insert into tipo_habitacion(th_id, th_huespedes, th_precio, th_ho_id) values(30, 1, 251.79, 15);
---------------------------------------HABITACION--------------------------------
insert into habitacion(ha_id, ha_th_id, ha_status) values(1 , 1 ,reg_sta('ACT'));
insert into habitacion(ha_id, ha_th_id, ha_status) values(2 , 1 ,reg_sta('ACT'));
insert into habitacion(ha_id, ha_th_id, ha_status) values(3 , 2 ,reg_sta('ACT'));
insert into habitacion(ha_id, ha_th_id, ha_status) values(4 , 2 ,reg_sta('ACT'));
insert into habitacion(ha_id, ha_th_id, ha_status) values(5 , 3 ,reg_sta('ACT'));
insert into habitacion(ha_id, ha_th_id, ha_status) values(6 , 3 ,reg_sta('ACT'));
insert into habitacion(ha_id, ha_th_id, ha_status) values(7 , 4 ,reg_sta('ACT'));
insert into habitacion(ha_id, ha_th_id, ha_status) values(8 , 4 ,reg_sta('ACT'));
insert into habitacion(ha_id, ha_th_id, ha_status) values(9 , 5 ,reg_sta('ACT'));
insert into habitacion(ha_id, ha_th_id, ha_status) values(10, 5 ,reg_sta('ACT'));
insert into habitacion(ha_id, ha_th_id, ha_status) values(11, 6 ,reg_sta('ACT'));
insert into habitacion(ha_id, ha_th_id, ha_status) values(12, 6 ,reg_sta('ACT'));
insert into habitacion(ha_id, ha_th_id, ha_status) values(13, 7 ,reg_sta('ACT'));
insert into habitacion(ha_id, ha_th_id, ha_status) values(14, 7 ,reg_sta('ACT'));
insert into habitacion(ha_id, ha_th_id, ha_status) values(15, 8 ,reg_sta('ACT'));
insert into habitacion(ha_id, ha_th_id, ha_status) values(16, 8 ,reg_sta('ACT'));
insert into habitacion(ha_id, ha_th_id, ha_status) values(17, 9 ,reg_sta('ACT'));
insert into habitacion(ha_id, ha_th_id, ha_status) values(18, 9 ,reg_sta('ACT'));
insert into habitacion(ha_id, ha_th_id, ha_status) values(19, 10,reg_sta('ACT'));
insert into habitacion(ha_id, ha_th_id, ha_status) values(20, 10,reg_sta('ACT'));
insert into habitacion(ha_id, ha_th_id, ha_status) values(21, 11,reg_sta('ACT'));
insert into habitacion(ha_id, ha_th_id, ha_status) values(22, 11,reg_sta('ACT'));
insert into habitacion(ha_id, ha_th_id, ha_status) values(23, 12,reg_sta('ACT'));
insert into habitacion(ha_id, ha_th_id, ha_status) values(24, 12,reg_sta('ACT'));
insert into habitacion(ha_id, ha_th_id, ha_status) values(25, 13,reg_sta('ACT'));
insert into habitacion(ha_id, ha_th_id, ha_status) values(26, 13,reg_sta('ACT'));
insert into habitacion(ha_id, ha_th_id, ha_status) values(27, 14,reg_sta('ACT'));
insert into habitacion(ha_id, ha_th_id, ha_status) values(28, 14,reg_sta('ACT'));
insert into habitacion(ha_id, ha_th_id, ha_status) values(29, 15,reg_sta('ACT'));
insert into habitacion(ha_id, ha_th_id, ha_status) values(30, 15,reg_sta('ACT'));
insert into habitacion(ha_id, ha_th_id, ha_status) values(31, 16,reg_sta('ACT'));
insert into habitacion(ha_id, ha_th_id, ha_status) values(32, 16,reg_sta('ACT'));
insert into habitacion(ha_id, ha_th_id, ha_status) values(33, 17,reg_sta('ACT'));
insert into habitacion(ha_id, ha_th_id, ha_status) values(34, 17,reg_sta('ACT'));
insert into habitacion(ha_id, ha_th_id, ha_status) values(35, 18,reg_sta('ACT'));
insert into habitacion(ha_id, ha_th_id, ha_status) values(36, 18,reg_sta('ACT'));
insert into habitacion(ha_id, ha_th_id, ha_status) values(37, 19,reg_sta('ACT'));
insert into habitacion(ha_id, ha_th_id, ha_status) values(38, 19,reg_sta('ACT'));
insert into habitacion(ha_id, ha_th_id, ha_status) values(39, 20,reg_sta('ACT'));
insert into habitacion(ha_id, ha_th_id, ha_status) values(40, 20,reg_sta('ACT'));
insert into habitacion(ha_id, ha_th_id, ha_status) values(41, 21,reg_sta('ACT'));
insert into habitacion(ha_id, ha_th_id, ha_status) values(42, 21,reg_sta('ACT'));
insert into habitacion(ha_id, ha_th_id, ha_status) values(43, 22,reg_sta('ACT'));
insert into habitacion(ha_id, ha_th_id, ha_status) values(44, 22,reg_sta('ACT'));
insert into habitacion(ha_id, ha_th_id, ha_status) values(45, 23,reg_sta('ACT'));
insert into habitacion(ha_id, ha_th_id, ha_status) values(46, 23,reg_sta('ACT'));
insert into habitacion(ha_id, ha_th_id, ha_status) values(47, 24,reg_sta('ACT'));
insert into habitacion(ha_id, ha_th_id, ha_status) values(48, 24,reg_sta('ACT'));
insert into habitacion(ha_id, ha_th_id, ha_status) values(49, 25,reg_sta('ACT'));
insert into habitacion(ha_id, ha_th_id, ha_status) values(50, 25,reg_sta('ACT'));
insert into habitacion(ha_id, ha_th_id, ha_status) values(51, 26,reg_sta('ACT'));
insert into habitacion(ha_id, ha_th_id, ha_status) values(52, 26,reg_sta('ACT'));
insert into habitacion(ha_id, ha_th_id, ha_status) values(53, 27,reg_sta('ACT'));
insert into habitacion(ha_id, ha_th_id, ha_status) values(54, 27,reg_sta('ACT'));
insert into habitacion(ha_id, ha_th_id, ha_status) values(55, 28,reg_sta('ACT'));
insert into habitacion(ha_id, ha_th_id, ha_status) values(56, 28,reg_sta('ACT'));
insert into habitacion(ha_id, ha_th_id, ha_status) values(57, 29,reg_sta('ACT'));
insert into habitacion(ha_id, ha_th_id, ha_status) values(58, 29,reg_sta('ACT'));
insert into habitacion(ha_id, ha_th_id, ha_status) values(59, 30,reg_sta('ACT'));
insert into habitacion(ha_id, ha_th_id, ha_status) values(60, 30,reg_sta('ACT'));

----------------------------------------------------------------------------
---------------------------------------VUELO PLAN---------------------------
----------------------------------------------------------------------------

---------------------------------------AEROLINEA--------------------------------
insert into vi_al(al_id, al_nombre, al_tipo) values(1 , 'lufthansa'  , 'REG');
insert into vi_al(al_id, al_nombre, al_tipo) values(2 , 'taca'       , 'REG');
insert into vi_al(al_id, al_nombre, al_tipo) values(3 , 'avianca'    , 'REG');
insert into vi_al(al_id, al_nombre, al_tipo) values(4 , 'copa'       , 'REG');
insert into vi_al(al_id, al_nombre, al_tipo) values(5 , 'air-france' , 'REG');
insert into vi_al(al_id, al_nombre, al_tipo) values(6 , 'emirates'   , 'RED');
insert into vi_al(al_id, al_nombre, al_tipo) values(7 , 'air-china'  , 'RED');
insert into vi_al(al_id, al_nombre, al_tipo) values(8 , 'aeropostal' , 'RED');
insert into vi_al(al_id, al_nombre, al_tipo) values(9 , 'airBaltic'  , 'RED');
insert into vi_al(al_id, al_nombre, al_tipo) values(10, 'aeromexico' , 'RED');
insert into vi_al(al_id, al_nombre, al_tipo) values(11, 'brussels'   , 'ESC');
insert into vi_al(al_id, al_nombre, al_tipo) values(12, 'british'    , 'ESC');
insert into vi_al(al_id, al_nombre, al_tipo) values(13, 'singapore'  , 'ESC');
insert into vi_al(al_id, al_nombre, al_tipo) values(14, 'egypt-air'  , 'ESC');
insert into vi_al(al_id, al_nombre, al_tipo) values(15, 'continental', 'ESC');
---------------------------------------AVION--------------------------------
insert into avion(av_id, av_nombre) values(1 , 'Bombardier'       );
insert into avion(av_id, av_nombre) values(2 , 'Embraer'          );
insert into avion(av_id, av_nombre) values(3 , 'Fokker'           );
insert into avion(av_id, av_nombre) values(4 , 'ATR'              );
insert into avion(av_id, av_nombre) values(5 , 'Airbus'           );
insert into avion(av_id, av_nombre) values(6 , 'Boeing'           );
insert into avion(av_id, av_nombre) values(7 , 'McDonnell Douglas');
insert into avion(av_id, av_nombre) values(8 , 'Gulfstream'       );
insert into avion(av_id, av_nombre) values(9 , 'Beechcraft'       );
insert into avion(av_id, av_nombre) values(10, 'Learjet'          );
insert into avion(av_id, av_nombre) values(11, 'Eclipse'          ); 
insert into avion(av_id, av_nombre) values(12, 'Pilatus'          );
insert into avion(av_id, av_nombre) values(13, 'Cirrus'           );
insert into avion(av_id, av_nombre) values(14, 'Cessna'           );
insert into avion(av_id, av_nombre) values(15, 'Piaggio'          );
---------------------------------------MODELO_AVION--------------------------------
insert into vi_mav(mav_id, mav_nombre, mav_vel_max, mav_alc, mav_alt_max, mav_enverg, mav_anch_cab, mav_alt_cab, mav_av_id) values (1 , 'crj-1000' , 891, 16616, 15624, 71.22, 3.35, 3.93, 1 );
insert into vi_mav(mav_id, mav_nombre, mav_vel_max, mav_alc, mav_alt_max, mav_enverg, mav_anch_cab, mav_alt_cab, mav_av_id) values (2 , 'crj-100'  , 931, 15737, 13245, 76.70, 3.00, 3.25, 1 );
insert into vi_mav(mav_id, mav_nombre, mav_vel_max, mav_alc, mav_alt_max, mav_enverg, mav_anch_cab, mav_alt_cab, mav_av_id) values (3 , 'crj-700'  , 918, 17390, 14327, 66.36, 3.74, 3.10, 1 );
insert into vi_mav(mav_id, mav_nombre, mav_vel_max, mav_alc, mav_alt_max, mav_enverg, mav_anch_cab, mav_alt_cab, mav_av_id) values (4 , '175-200ar', 893, 16255, 13406, 75.08, 3.95, 3.44, 2 );
insert into vi_mav(mav_id, mav_nombre, mav_vel_max, mav_alc, mav_alt_max, mav_enverg, mav_anch_cab, mav_alt_cab, mav_av_id) values (5 , '190-100lr', 900, 16245, 13359, 70.83, 3.14, 3.46, 2 );
insert into vi_mav(mav_id, mav_nombre, mav_vel_max, mav_alc, mav_alt_max, mav_enverg, mav_anch_cab, mav_alt_cab, mav_av_id) values (6 , '195-std'  , 909, 17040, 14747, 71.92, 3.54, 3.98, 2 );
insert into vi_mav(mav_id, mav_nombre, mav_vel_max, mav_alc, mav_alt_max, mav_enverg, mav_anch_cab, mav_alt_cab, mav_av_id) values (7 , '100'      , 927, 15956, 13809, 63.68, 3.59, 3.45, 3 );
insert into vi_mav(mav_id, mav_nombre, mav_vel_max, mav_alc, mav_alt_max, mav_enverg, mav_anch_cab, mav_alt_cab, mav_av_id) values (8 , '70'       , 918, 15959, 14193, 78.91, 3.82, 3.99, 3 );
insert into vi_mav(mav_id, mav_nombre, mav_vel_max, mav_alc, mav_alt_max, mav_enverg, mav_anch_cab, mav_alt_cab, mav_av_id) values (9 , '50'       , 909, 14771, 14671, 77.14, 3.44, 3.53, 3 );
insert into vi_mav(mav_id, mav_nombre, mav_vel_max, mav_alc, mav_alt_max, mav_enverg, mav_anch_cab, mav_alt_cab, mav_av_id) values (10, '42-300'   , 917, 15754, 12895, 66.23, 3.32, 3.01, 4 );
insert into vi_mav(mav_id, mav_nombre, mav_vel_max, mav_alc, mav_alt_max, mav_enverg, mav_anch_cab, mav_alt_cab, mav_av_id) values (11, '72-201'   , 913, 15979, 13554, 74.19, 3.59, 3.08, 4 );
insert into vi_mav(mav_id, mav_nombre, mav_vel_max, mav_alc, mav_alt_max, mav_enverg, mav_anch_cab, mav_alt_cab, mav_av_id) values (12, 'a318'     , 890, 14491, 14326, 63.58, 3.70, 2.87, 5 );
insert into vi_mav(mav_id, mav_nombre, mav_vel_max, mav_alc, mav_alt_max, mav_enverg, mav_anch_cab, mav_alt_cab, mav_av_id) values (13, 'a319'     , 915, 16586, 12882, 71.20, 3.06, 3.27, 5 );
insert into vi_mav(mav_id, mav_nombre, mav_vel_max, mav_alc, mav_alt_max, mav_enverg, mav_anch_cab, mav_alt_cab, mav_av_id) values (14, 'a320'     , 916, 14727, 15610, 64.46, 3.89, 3.29, 5 );
insert into vi_mav(mav_id, mav_nombre, mav_vel_max, mav_alc, mav_alt_max, mav_enverg, mav_anch_cab, mav_alt_cab, mav_av_id) values (15, 'a321'     , 933, 16260, 15578, 67.01, 3.94, 2.98, 5 );
insert into vi_mav(mav_id, mav_nombre, mav_vel_max, mav_alc, mav_alt_max, mav_enverg, mav_anch_cab, mav_alt_cab, mav_av_id) values (16, '737-600'  , 926, 15609, 14854, 68.08, 3.19, 3.37, 6 );
insert into vi_mav(mav_id, mav_nombre, mav_vel_max, mav_alc, mav_alt_max, mav_enverg, mav_anch_cab, mav_alt_cab, mav_av_id) values (17, '757-200'  , 933, 14643, 13177, 73.87, 3.89, 3.91, 6 );
insert into vi_mav(mav_id, mav_nombre, mav_vel_max, mav_alc, mav_alt_max, mav_enverg, mav_anch_cab, mav_alt_cab, mav_av_id) values (18, '777-200'  , 904, 14958, 15296, 73.58, 3.87, 2.99, 6 );
insert into vi_mav(mav_id, mav_nombre, mav_vel_max, mav_alc, mav_alt_max, mav_enverg, mav_anch_cab, mav_alt_cab, mav_av_id) values (19, '787-3'    , 932, 15380, 15637, 63.94, 3.13, 3.32, 6 );
insert into vi_mav(mav_id, mav_nombre, mav_vel_max, mav_alc, mav_alt_max, mav_enverg, mav_anch_cab, mav_alt_cab, mav_av_id) values (20, 'dc9-81'   , 885, 17103, 15452, 74.39, 3.05, 2.92, 7 );
insert into vi_mav(mav_id, mav_nombre, mav_vel_max, mav_alc, mav_alt_max, mav_enverg, mav_anch_cab, mav_alt_cab, mav_av_id) values (21, 'md-87'    , 905, 17230, 14471, 64.30, 3.60, 3.59, 7 );
insert into vi_mav(mav_id, mav_nombre, mav_vel_max, mav_alc, mav_alt_max, mav_enverg, mav_anch_cab, mav_alt_cab, mav_av_id) values (22, 'md-90-30' , 918, 16842, 15184, 64.45, 3.14, 3.20, 7 );
insert into vi_mav(mav_id, mav_nombre, mav_vel_max, mav_alc, mav_alt_max, mav_enverg, mav_anch_cab, mav_alt_cab, mav_av_id) values (23, 'g200'     , 926, 17114, 13279, 68.09, 3.63, 3.57, 8 );
insert into vi_mav(mav_id, mav_nombre, mav_vel_max, mav_alc, mav_alt_max, mav_enverg, mav_anch_cab, mav_alt_cab, mav_av_id) values (24, '350i'     , 920, 15778, 15620, 63.67, 3.47, 3.54, 9 );
insert into vi_mav(mav_id, mav_nombre, mav_vel_max, mav_alc, mav_alt_max, mav_enverg, mav_anch_cab, mav_alt_cab, mav_av_id) values (25, '60'       , 911, 16772, 14429, 77.85, 3.27, 3.07, 10);
insert into vi_mav(mav_id, mav_nombre, mav_vel_max, mav_alc, mav_alt_max, mav_enverg, mav_anch_cab, mav_alt_cab, mav_av_id) values (26, '500'      , 894, 16133, 13875, 78.53, 3.36, 2.68, 11);
insert into vi_mav(mav_id, mav_nombre, mav_vel_max, mav_alc, mav_alt_max, mav_enverg, mav_anch_cab, mav_alt_cab, mav_av_id) values (27, 'pc-24'    , 932, 17376, 13443, 74.69, 3.93, 3.86, 12);
insert into vi_mav(mav_id, mav_nombre, mav_vel_max, mav_alc, mav_alt_max, mav_enverg, mav_anch_cab, mav_alt_cab, mav_av_id) values (28, 'g2'       , 898, 14711, 14291, 64.74, 3.31, 3.75, 13);
insert into vi_mav(mav_id, mav_nombre, mav_vel_max, mav_alc, mav_alt_max, mav_enverg, mav_anch_cab, mav_alt_cab, mav_av_id) values (29, 'cj3'      , 898, 15297, 13439, 63.53, 3.72, 3.63, 14);
insert into vi_mav(mav_id, mav_nombre, mav_vel_max, mav_alc, mav_alt_max, mav_enverg, mav_anch_cab, mav_alt_cab, mav_av_id) values (30, 'avanti-ii', 892, 14462, 13126, 73.07, 3.60, 2.52, 15);

---------------------------------------UNIDAD_AVION--------------------------------
insert into unidad_avion(ua_id, ua_dist_ej, ua_dist_cp, ua_dist_ee, ua_al_id, ua_mav_id, ua_status) values(1 , 60 , 70 , 70 , 1 , 1 ,  reg_sta('ACT'));
insert into unidad_avion(ua_id, ua_dist_ej, ua_dist_cp, ua_dist_ee, ua_al_id, ua_mav_id, ua_status) values(2 , 70 , 60 , 70 , 1 , 2 ,  reg_sta('ACT') );
insert into unidad_avion(ua_id, ua_dist_ej, ua_dist_cp, ua_dist_ee, ua_al_id, ua_mav_id, ua_status) values(3 , 70 , 70 , 60 , 2 , 3 ,  reg_sta('ACT') );
insert into unidad_avion(ua_id, ua_dist_ej, ua_dist_cp, ua_dist_ee, ua_al_id, ua_mav_id, ua_status) values(4 , 40 , 80 , 80 , 2 , 4 ,  reg_sta('ACT') );
insert into unidad_avion(ua_id, ua_dist_ej, ua_dist_cp, ua_dist_ee, ua_al_id, ua_mav_id, ua_status) values(5 , 80 , 40 , 80 , 3 , 5 ,  reg_sta('ACT') );
insert into unidad_avion(ua_id, ua_dist_ej, ua_dist_cp, ua_dist_ee, ua_al_id, ua_mav_id, ua_status) values(6 , 80 , 80 , 40 , 3 , 6 ,  reg_sta('ACT') );
insert into unidad_avion(ua_id, ua_dist_ej, ua_dist_cp, ua_dist_ee, ua_al_id, ua_mav_id, ua_status) values(7 , 50 , 60 , 90 , 4 , 7 ,  reg_sta('ACT') );
insert into unidad_avion(ua_id, ua_dist_ej, ua_dist_cp, ua_dist_ee, ua_al_id, ua_mav_id, ua_status) values(8 , 90 , 50 , 60 , 4 , 8 ,  reg_sta('ACT') );
insert into unidad_avion(ua_id, ua_dist_ej, ua_dist_cp, ua_dist_ee, ua_al_id, ua_mav_id, ua_status) values(9 , 50 , 100, 100, 5 , 9 ,  reg_sta('ACT') );
insert into unidad_avion(ua_id, ua_dist_ej, ua_dist_cp, ua_dist_ee, ua_al_id, ua_mav_id, ua_status) values(10, 100, 50 , 100, 5 , 10,  reg_sta('ACT'));
insert into unidad_avion(ua_id, ua_dist_ej, ua_dist_cp, ua_dist_ee, ua_al_id, ua_mav_id, ua_status) values(11, 100, 100, 50 , 6 , 11,  reg_sta('ACT'));
insert into unidad_avion(ua_id, ua_dist_ej, ua_dist_cp, ua_dist_ee, ua_al_id, ua_mav_id, ua_status) values(12, 60 , 90 , 100, 6 , 12,  reg_sta('ACT'));
insert into unidad_avion(ua_id, ua_dist_ej, ua_dist_cp, ua_dist_ee, ua_al_id, ua_mav_id, ua_status) values(13, 100, 60 , 90 , 7 , 13,  reg_sta('ACT'));
insert into unidad_avion(ua_id, ua_dist_ej, ua_dist_cp, ua_dist_ee, ua_al_id, ua_mav_id, ua_status) values(14, 90 , 100, 60 , 7 , 14,  reg_sta('ACT'));
insert into unidad_avion(ua_id, ua_dist_ej, ua_dist_cp, ua_dist_ee, ua_al_id, ua_mav_id, ua_status) values(15, 70 , 80 , 100, 8 , 15,  reg_sta('ACT'));
insert into unidad_avion(ua_id, ua_dist_ej, ua_dist_cp, ua_dist_ee, ua_al_id, ua_mav_id, ua_status) values(16, 100, 70 , 80 , 8 , 16,  reg_sta('ACT'));
insert into unidad_avion(ua_id, ua_dist_ej, ua_dist_cp, ua_dist_ee, ua_al_id, ua_mav_id, ua_status) values(17, 80 , 100, 70 , 9 , 17,  reg_sta('ACT'));
insert into unidad_avion(ua_id, ua_dist_ej, ua_dist_cp, ua_dist_ee, ua_al_id, ua_mav_id, ua_status) values(18, 100, 100, 100, 9 , 18,  reg_sta('ACT'));
insert into unidad_avion(ua_id, ua_dist_ej, ua_dist_cp, ua_dist_ee, ua_al_id, ua_mav_id, ua_status) values(19, 50 , 100, 150, 10, 19,  reg_sta('ACT'));
insert into unidad_avion(ua_id, ua_dist_ej, ua_dist_cp, ua_dist_ee, ua_al_id, ua_mav_id, ua_status) values(20, 150, 50 , 100, 10, 20,  reg_sta('ACT'));
insert into unidad_avion(ua_id, ua_dist_ej, ua_dist_cp, ua_dist_ee, ua_al_id, ua_mav_id, ua_status) values(21, 100, 150, 50 , 11, 21,  reg_sta('ACT'));
insert into unidad_avion(ua_id, ua_dist_ej, ua_dist_cp, ua_dist_ee, ua_al_id, ua_mav_id, ua_status) values(22, 100, 10 , 90 , 11, 22,  reg_sta('ACT'));
insert into unidad_avion(ua_id, ua_dist_ej, ua_dist_cp, ua_dist_ee, ua_al_id, ua_mav_id, ua_status) values(23, 90 , 100, 10 , 12, 23,  reg_sta('ACT'));
insert into unidad_avion(ua_id, ua_dist_ej, ua_dist_cp, ua_dist_ee, ua_al_id, ua_mav_id, ua_status) values(24, 10 , 90 , 100, 12, 24,  reg_sta('ACT'));
insert into unidad_avion(ua_id, ua_dist_ej, ua_dist_cp, ua_dist_ee, ua_al_id, ua_mav_id, ua_status) values(25, 20 , 80 , 100, 13, 25,  reg_sta('ACT'));
insert into unidad_avion(ua_id, ua_dist_ej, ua_dist_cp, ua_dist_ee, ua_al_id, ua_mav_id, ua_status) values(26, 100, 20 , 80 , 13, 26,  reg_sta('ACT'));
insert into unidad_avion(ua_id, ua_dist_ej, ua_dist_cp, ua_dist_ee, ua_al_id, ua_mav_id, ua_status) values(27, 80 , 100, 20 , 14, 27,  reg_sta('ACT'));
insert into unidad_avion(ua_id, ua_dist_ej, ua_dist_cp, ua_dist_ee, ua_al_id, ua_mav_id, ua_status) values(28, 30 , 70 , 100, 14, 28,  reg_sta('ACT'));
insert into unidad_avion(ua_id, ua_dist_ej, ua_dist_cp, ua_dist_ee, ua_al_id, ua_mav_id, ua_status) values(29, 100, 30 , 70 , 15, 29,  reg_sta('ACT'));
insert into unidad_avion(ua_id, ua_dist_ej, ua_dist_cp, ua_dist_ee, ua_al_id, ua_mav_id, ua_status) values(30, 70 , 100, 30 , 15, 30,  reg_sta('ACT'));

---------------------------------------ASIENTOS-----------------------------------
create or replace procedure inserts_asientos
is
cont number := 0;
begin
    declare
    cursor ua_cur is select ua_id, ua_dist_ej, ua_dist_cp, ua_dist_ee, ua_al_id, ua_mav_id from unidad_avion;
    ua_row ua_cur%rowtype;

    begin
        open ua_cur;
        fetch ua_cur into ua_row;

        while ua_cur%found
        loop
            cont := ua_row.ua_dist_ej;
            while cont > 0
            loop
                insert into asiento(asi_id, asi_clase, asi_ua_id) values(seq_asi_id.nextval, 'EJ', ua_row.ua_id);
                cont := cont - 1;
            end loop;

            cont := ua_row.ua_dist_cp;
            while cont > 0
            loop
                insert into asiento(asi_id, asi_clase, asi_ua_id) values(seq_asi_id.nextval, 'CP', ua_row.ua_id);
                cont := cont - 1;
            end loop;

            cont := ua_row.ua_dist_ee;
            while cont > 0
            loop
                insert into asiento(asi_id, asi_clase, asi_ua_id) values(seq_asi_id.nextval, 'EE', ua_row.ua_id);
                cont := cont - 1;
            end loop;

            fetch ua_cur into ua_row;
        end loop;
        close ua_cur;
    end;
end;
/
exec inserts_asientos;

---------------------------------------AEROPUERTO--------------------------------
insert into aeropuerto(ap_id, ap_nombre, ap_locacion, ap_status) values(1 , 'Juan Santamaría'      , reg_loc('Alajuela' , 'Costa Rica' , null, 9.997994  , -84.204024), reg_sta('ACT'));
insert into aeropuerto(ap_id, ap_nombre, ap_locacion, ap_status) values(2 , 'Sihanoukville'        , reg_loc('Sihanouk' , 'Camboya'    , null, 10.580002 , 103.640086), reg_sta('ACT'));
insert into aeropuerto(ap_id, ap_nombre, ap_locacion, ap_status) values(3 , 'Budapest-Ferenc'      , reg_loc('Budapest' , 'Hungria'    , null, 47.438517 , 19.252178 ), reg_sta('ACT'));
insert into aeropuerto(ap_id, ap_nombre, ap_locacion, ap_status) values(4 , 'Jorge Chávez'         , reg_loc('Lima'     , 'Peru'       , null, -10.531767, -74.969335), reg_sta('ACT'));
insert into aeropuerto(ap_id, ap_nombre, ap_locacion, ap_status) values(5 , 'Viena-Schwechat'      , reg_loc('Schwechat', 'Austria'    , null, 48.270167 , 17.114417 ), reg_sta('ACT'));
insert into aeropuerto(ap_id, ap_nombre, ap_locacion, ap_status) values(6 , 'São Paulo-Guarulhos'  , reg_loc('Sao Paulo', 'Brasil'     , null, -23.202579, -46.475660), reg_sta('ACT'));
insert into aeropuerto(ap_id, ap_nombre, ap_locacion, ap_status) values(7 , 'Alfredo Rodríguez'    , reg_loc('Colorado' , 'España'     , null, -16.234134, -71.541153), reg_sta('ACT'));
insert into aeropuerto(ap_id, ap_nombre, ap_locacion, ap_status) values(8 , 'Milán-Malpensa'       , reg_loc('Milan'    , 'Italia'     , null, 45.666118 , 8.731635  ), reg_sta('ACT'));
insert into aeropuerto(ap_id, ap_nombre, ap_locacion, ap_status) values(9 , 'Pekín'                , reg_loc('Beijing'  , 'China'      , null, 40.121305 , 116.608757), reg_sta('ACT'));
insert into aeropuerto(ap_id, ap_nombre, ap_locacion, ap_status) values(10, 'Roma-Fiumicino'       , reg_loc('Roma'     , 'Japon'      , null, 41.808942 , 12.250396 ), reg_sta('ACT'));
insert into aeropuerto(ap_id, ap_nombre, ap_locacion, ap_status) values(11, 'Dublin Airport'       , reg_loc('Dublin'   , 'Irlanda'    , null, 53.432525 , -6.255359 ), reg_sta('ACT'));
insert into aeropuerto(ap_id, ap_nombre, ap_locacion, ap_status) values(12, 'Londres-Heathrow'     , reg_loc('Londres'  , 'Reino Unido', null, 51.479207 , -0.447282 ), reg_sta('ACT'));
insert into aeropuerto(ap_id, ap_nombre, ap_locacion, ap_status) values(13, 'Sabiha Gökçen'        , reg_loc('Estambul' , 'Turquia'    , null, 40.907831 , 29.317457 ), reg_sta('ACT'));
insert into aeropuerto(ap_id, ap_nombre, ap_locacion, ap_status) values(14, 'El Cairo'             , reg_loc('Cairo'    , 'Egipto'     , null, 30.188518 , 31.398822 ), reg_sta('ACT'));
insert into aeropuerto(ap_id, ap_nombre, ap_locacion, ap_status) values(15, 'Simón Bolívar'        , reg_loc('Caracas'  , 'Venezuela'  , null, 10.601427 , -67.004426), reg_sta('ACT'));
---------------------------------------VUELO-----------------------------------
insert into vuelo(vu_id, vu_fecha, vu_duracion, vu_status, vu_precio_ej, vu_precio_cp, vu_precio_ee) values(1 , reg_ope(to_date('01-01-2020 12:00:00','dd-mm-yyyy hh24:mi:ss'), to_date('01-01-2020 14:00:00','dd-mm-yyyy hh24:mi:ss')), 2 , reg_sta('ACT'), 534.00, 456.00, 310.00);
insert into vuelo(vu_id, vu_fecha, vu_duracion, vu_status, vu_precio_ej, vu_precio_cp, vu_precio_ee) values(2 , reg_ope(to_date('02-01-2020 14:00:00','dd-mm-yyyy hh24:mi:ss'), to_date('02-01-2020 16:00:00','dd-mm-yyyy hh24:mi:ss')), 2 , reg_sta('ACT'), 569.00, 402.00, 320.00);
insert into vuelo(vu_id, vu_fecha, vu_duracion, vu_status, vu_precio_ej, vu_precio_cp, vu_precio_ee) values(3 , reg_ope(to_date('03-01-2020 17:00:00','dd-mm-yyyy hh24:mi:ss'), to_date('03-01-2020 19:00:00','dd-mm-yyyy hh24:mi:ss')), 2 , reg_sta('ACT'), 533.00, 403.00, 330.00);
insert into vuelo(vu_id, vu_fecha, vu_duracion, vu_status, vu_precio_ej, vu_precio_cp, vu_precio_ee) values(4 , reg_ope(to_date('04-01-2020 01:00:00','dd-mm-yyyy hh24:mi:ss'), to_date('04-01-2020 04:00:00','dd-mm-yyyy hh24:mi:ss')), 3 , reg_sta('ACT'), 567.00, 444.00, 345.00);
insert into vuelo(vu_id, vu_fecha, vu_duracion, vu_status, vu_precio_ej, vu_precio_cp, vu_precio_ee) values(5 , reg_ope(to_date('05-01-2020 06:00:00','dd-mm-yyyy hh24:mi:ss'), to_date('05-01-2020 09:00:00','dd-mm-yyyy hh24:mi:ss')), 3 , reg_sta('ACT'), 579.00, 456.00, 386.00);
insert into vuelo(vu_id, vu_fecha, vu_duracion, vu_status, vu_precio_ej, vu_precio_cp, vu_precio_ee) values(6 , reg_ope(to_date('06-01-2020 03:00:00','dd-mm-yyyy hh24:mi:ss'), to_date('06-01-2020 06:00:00','dd-mm-yyyy hh24:mi:ss')), 3 , reg_sta('ACT'), 595.00, 474.00, 394.00);
insert into vuelo(vu_id, vu_fecha, vu_duracion, vu_status, vu_precio_ej, vu_precio_cp, vu_precio_ee) values(7 , reg_ope(to_date('07-01-2020 10:00:00','dd-mm-yyyy hh24:mi:ss'), to_date('07-01-2020 14:00:00','dd-mm-yyyy hh24:mi:ss')), 4 , reg_sta('ACT'), 532.00, 437.00, 365.00);
insert into vuelo(vu_id, vu_fecha, vu_duracion, vu_status, vu_precio_ej, vu_precio_cp, vu_precio_ee) values(8 , reg_ope(to_date('08-01-2020 18:00:00','dd-mm-yyyy hh24:mi:ss'), to_date('08-01-2020 22:00:00','dd-mm-yyyy hh24:mi:ss')), 4 , reg_sta('ACT'), 511.00, 442.00, 394.00);
insert into vuelo(vu_id, vu_fecha, vu_duracion, vu_status, vu_precio_ej, vu_precio_cp, vu_precio_ee) values(9 , reg_ope(to_date('09-01-2020 10:00:00','dd-mm-yyyy hh24:mi:ss'), to_date('09-01-2020 14:00:00','dd-mm-yyyy hh24:mi:ss')), 4 , reg_sta('ACT'), 534.00, 475.00, 365.00);
insert into vuelo(vu_id, vu_fecha, vu_duracion, vu_status, vu_precio_ej, vu_precio_cp, vu_precio_ee) values(10, reg_ope(to_date('10-01-2020 12:00:00','dd-mm-yyyy hh24:mi:ss'), to_date('10-01-2020 17:00:00','dd-mm-yyyy hh24:mi:ss')), 5 , reg_sta('ACT'), 555.00, 460.00, 315.00);
insert into vuelo(vu_id, vu_fecha, vu_duracion, vu_status, vu_precio_ej, vu_precio_cp, vu_precio_ee) values(11, reg_ope(to_date('11-01-2020 06:00:00','dd-mm-yyyy hh24:mi:ss'), to_date('11-01-2020 11:00:00','dd-mm-yyyy hh24:mi:ss')), 5 , reg_sta('ACT'), 564.00, 405.00, 353.00);
insert into vuelo(vu_id, vu_fecha, vu_duracion, vu_status, vu_precio_ej, vu_precio_cp, vu_precio_ee) values(12, reg_ope(to_date('12-01-2020 18:00:00','dd-mm-yyyy hh24:mi:ss'), to_date('12-01-2020 23:00:00','dd-mm-yyyy hh24:mi:ss')), 5 , reg_sta('ACT'), 572.00, 443.00, 312.00);
insert into vuelo(vu_id, vu_fecha, vu_duracion, vu_status, vu_precio_ej, vu_precio_cp, vu_precio_ee) values(13, reg_ope(to_date('13-01-2020 01:00:00','dd-mm-yyyy hh24:mi:ss'), to_date('13-01-2020 07:00:00','dd-mm-yyyy hh24:mi:ss')), 6 , reg_sta('ACT'), 505.00, 442.00, 354.00);
insert into vuelo(vu_id, vu_fecha, vu_duracion, vu_status, vu_precio_ej, vu_precio_cp, vu_precio_ee) values(14, reg_ope(to_date('14-01-2020 15:00:00','dd-mm-yyyy hh24:mi:ss'), to_date('14-01-2020 21:00:00','dd-mm-yyyy hh24:mi:ss')), 6 , reg_sta('ACT'), 546.00, 467.00, 304.00);

insert into vuelo(vu_id, vu_fecha, vu_duracion, vu_status, vu_precio_ej, vu_precio_cp, vu_precio_ee) values(15, reg_ope(to_date('16-01-2020 12:00:00','dd-mm-yyyy hh24:mi:ss'), to_date('16-01-2020 14:00:00','dd-mm-yyyy hh24:mi:ss')), 2 , reg_sta('ACT'), 534.00, 456.00, 310.00);
insert into vuelo(vu_id, vu_fecha, vu_duracion, vu_status, vu_precio_ej, vu_precio_cp, vu_precio_ee) values(16, reg_ope(to_date('17-01-2020 14:00:00','dd-mm-yyyy hh24:mi:ss'), to_date('17-01-2020 16:00:00','dd-mm-yyyy hh24:mi:ss')), 2 , reg_sta('ACT'), 569.00, 402.00, 320.00);
insert into vuelo(vu_id, vu_fecha, vu_duracion, vu_status, vu_precio_ej, vu_precio_cp, vu_precio_ee) values(17, reg_ope(to_date('18-01-2020 17:00:00','dd-mm-yyyy hh24:mi:ss'), to_date('18-01-2020 19:00:00','dd-mm-yyyy hh24:mi:ss')), 2 , reg_sta('ACT'), 533.00, 403.00, 330.00);
insert into vuelo(vu_id, vu_fecha, vu_duracion, vu_status, vu_precio_ej, vu_precio_cp, vu_precio_ee) values(18, reg_ope(to_date('19-01-2020 01:00:00','dd-mm-yyyy hh24:mi:ss'), to_date('19-01-2020 04:00:00','dd-mm-yyyy hh24:mi:ss')), 3 , reg_sta('ACT'), 567.00, 444.00, 345.00);
insert into vuelo(vu_id, vu_fecha, vu_duracion, vu_status, vu_precio_ej, vu_precio_cp, vu_precio_ee) values(19, reg_ope(to_date('20-01-2020 06:00:00','dd-mm-yyyy hh24:mi:ss'), to_date('20-01-2020 09:00:00','dd-mm-yyyy hh24:mi:ss')), 3 , reg_sta('ACT'), 579.00, 456.00, 386.00);
insert into vuelo(vu_id, vu_fecha, vu_duracion, vu_status, vu_precio_ej, vu_precio_cp, vu_precio_ee) values(20, reg_ope(to_date('21-01-2020 03:00:00','dd-mm-yyyy hh24:mi:ss'), to_date('21-01-2020 06:00:00','dd-mm-yyyy hh24:mi:ss')), 3 , reg_sta('ACT'), 595.00, 474.00, 394.00);
insert into vuelo(vu_id, vu_fecha, vu_duracion, vu_status, vu_precio_ej, vu_precio_cp, vu_precio_ee) values(21, reg_ope(to_date('22-01-2020 10:00:00','dd-mm-yyyy hh24:mi:ss'), to_date('22-01-2020 14:00:00','dd-mm-yyyy hh24:mi:ss')), 4 , reg_sta('ACT'), 532.00, 437.00, 365.00);
insert into vuelo(vu_id, vu_fecha, vu_duracion, vu_status, vu_precio_ej, vu_precio_cp, vu_precio_ee) values(22, reg_ope(to_date('23-01-2020 18:00:00','dd-mm-yyyy hh24:mi:ss'), to_date('23-01-2020 22:00:00','dd-mm-yyyy hh24:mi:ss')), 4 , reg_sta('ACT'), 511.00, 442.00, 394.00);
insert into vuelo(vu_id, vu_fecha, vu_duracion, vu_status, vu_precio_ej, vu_precio_cp, vu_precio_ee) values(23, reg_ope(to_date('24-01-2020 10:00:00','dd-mm-yyyy hh24:mi:ss'), to_date('24-01-2020 14:00:00','dd-mm-yyyy hh24:mi:ss')), 4 , reg_sta('ACT'), 534.00, 475.00, 365.00);
insert into vuelo(vu_id, vu_fecha, vu_duracion, vu_status, vu_precio_ej, vu_precio_cp, vu_precio_ee) values(24, reg_ope(to_date('25-01-2020 12:00:00','dd-mm-yyyy hh24:mi:ss'), to_date('25-01-2020 17:00:00','dd-mm-yyyy hh24:mi:ss')), 5 , reg_sta('ACT'), 555.00, 460.00, 315.00);
insert into vuelo(vu_id, vu_fecha, vu_duracion, vu_status, vu_precio_ej, vu_precio_cp, vu_precio_ee) values(25, reg_ope(to_date('26-01-2020 06:00:00','dd-mm-yyyy hh24:mi:ss'), to_date('26-01-2020 11:00:00','dd-mm-yyyy hh24:mi:ss')), 5 , reg_sta('ACT'), 564.00, 405.00, 353.00);
insert into vuelo(vu_id, vu_fecha, vu_duracion, vu_status, vu_precio_ej, vu_precio_cp, vu_precio_ee) values(26, reg_ope(to_date('27-01-2020 18:00:00','dd-mm-yyyy hh24:mi:ss'), to_date('27-01-2020 23:00:00','dd-mm-yyyy hh24:mi:ss')), 5 , reg_sta('ACT'), 572.00, 443.00, 312.00);
insert into vuelo(vu_id, vu_fecha, vu_duracion, vu_status, vu_precio_ej, vu_precio_cp, vu_precio_ee) values(27, reg_ope(to_date('28-01-2020 01:00:00','dd-mm-yyyy hh24:mi:ss'), to_date('28-01-2020 07:00:00','dd-mm-yyyy hh24:mi:ss')), 6 , reg_sta('ACT'), 505.00, 442.00, 354.00);
insert into vuelo(vu_id, vu_fecha, vu_duracion, vu_status, vu_precio_ej, vu_precio_cp, vu_precio_ee) values(28, reg_ope(to_date('29-01-2020 15:00:00','dd-mm-yyyy hh24:mi:ss'), to_date('29-01-2020 21:00:00','dd-mm-yyyy hh24:mi:ss')), 6 , reg_sta('ACT'), 546.00, 467.00, 304.00);

---------------------------------------NODO-------------------------------------
insert into nodo(no_id, no_modo, no_status, no_ap_id, no_vu_id) values(1 , 'ORI', reg_sta('ACT'), 1 , 1 );
insert into nodo(no_id, no_modo, no_status, no_ap_id, no_vu_id) values(2 , 'DES', reg_sta('ACT'), 2 , 1 );
insert into nodo(no_id, no_modo, no_status, no_ap_id, no_vu_id) values(3 , 'ORI', reg_sta('ACT'), 2 , 2 );
insert into nodo(no_id, no_modo, no_status, no_ap_id, no_vu_id) values(4 , 'DES', reg_sta('ACT'), 3 , 2 );
insert into nodo(no_id, no_modo, no_status, no_ap_id, no_vu_id) values(5 , 'ORI', reg_sta('ACT'), 3 , 3 );
insert into nodo(no_id, no_modo, no_status, no_ap_id, no_vu_id) values(6 , 'DES', reg_sta('ACT'), 4 , 3 );
insert into nodo(no_id, no_modo, no_status, no_ap_id, no_vu_id) values(7 , 'ORI', reg_sta('ACT'), 4 , 4 );
insert into nodo(no_id, no_modo, no_status, no_ap_id, no_vu_id) values(8 , 'DES', reg_sta('ACT'), 5 , 4 );
insert into nodo(no_id, no_modo, no_status, no_ap_id, no_vu_id) values(9 , 'ORI', reg_sta('ACT'), 5 , 5 );
insert into nodo(no_id, no_modo, no_status, no_ap_id, no_vu_id) values(10, 'DES', reg_sta('ACT'), 6 , 5 );
insert into nodo(no_id, no_modo, no_status, no_ap_id, no_vu_id) values(11, 'ORI', reg_sta('ACT'), 6 , 6 );
insert into nodo(no_id, no_modo, no_status, no_ap_id, no_vu_id) values(12, 'DES', reg_sta('ACT'), 7 , 6 );
insert into nodo(no_id, no_modo, no_status, no_ap_id, no_vu_id) values(13, 'ORI', reg_sta('ACT'), 7 , 7 );
insert into nodo(no_id, no_modo, no_status, no_ap_id, no_vu_id) values(14, 'DES', reg_sta('ACT'), 8 , 7 );
insert into nodo(no_id, no_modo, no_status, no_ap_id, no_vu_id) values(15, 'ORI', reg_sta('ACT'), 8 , 8 );
insert into nodo(no_id, no_modo, no_status, no_ap_id, no_vu_id) values(16, 'DES', reg_sta('ACT'), 9 , 8 );
insert into nodo(no_id, no_modo, no_status, no_ap_id, no_vu_id) values(17, 'ORI', reg_sta('ACT'), 9 , 9 );
insert into nodo(no_id, no_modo, no_status, no_ap_id, no_vu_id) values(18, 'DES', reg_sta('ACT'), 10, 9 );
insert into nodo(no_id, no_modo, no_status, no_ap_id, no_vu_id) values(19, 'ORI', reg_sta('ACT'), 10, 10);
insert into nodo(no_id, no_modo, no_status, no_ap_id, no_vu_id) values(20, 'DES', reg_sta('ACT'), 11, 10);
insert into nodo(no_id, no_modo, no_status, no_ap_id, no_vu_id) values(21, 'ORI', reg_sta('ACT'), 11, 11);
insert into nodo(no_id, no_modo, no_status, no_ap_id, no_vu_id) values(22, 'DES', reg_sta('ACT'), 12, 11);
insert into nodo(no_id, no_modo, no_status, no_ap_id, no_vu_id) values(23, 'ORI', reg_sta('ACT'), 12, 12);
insert into nodo(no_id, no_modo, no_status, no_ap_id, no_vu_id) values(24, 'DES', reg_sta('ACT'), 13, 12);
insert into nodo(no_id, no_modo, no_status, no_ap_id, no_vu_id) values(25, 'ORI', reg_sta('ACT'), 13, 13);
insert into nodo(no_id, no_modo, no_status, no_ap_id, no_vu_id) values(26, 'DES', reg_sta('ACT'), 14, 13);
insert into nodo(no_id, no_modo, no_status, no_ap_id, no_vu_id) values(27, 'ORI', reg_sta('ACT'), 14, 14);
insert into nodo(no_id, no_modo, no_status, no_ap_id, no_vu_id) values(28, 'DES', reg_sta('ACT'), 15, 14);

insert into nodo(no_id, no_modo, no_status, no_ap_id, no_vu_id) values(29, 'ORI', reg_sta('ACT'), 15, 15);
insert into nodo(no_id, no_modo, no_status, no_ap_id, no_vu_id) values(30, 'DES', reg_sta('ACT'), 14, 15);
insert into nodo(no_id, no_modo, no_status, no_ap_id, no_vu_id) values(31, 'ORI', reg_sta('ACT'), 14, 16);
insert into nodo(no_id, no_modo, no_status, no_ap_id, no_vu_id) values(32, 'DES', reg_sta('ACT'), 13, 16);
insert into nodo(no_id, no_modo, no_status, no_ap_id, no_vu_id) values(33, 'ORI', reg_sta('ACT'), 13, 17);
insert into nodo(no_id, no_modo, no_status, no_ap_id, no_vu_id) values(34, 'DES', reg_sta('ACT'), 12, 17);
insert into nodo(no_id, no_modo, no_status, no_ap_id, no_vu_id) values(35, 'ORI', reg_sta('ACT'), 12, 18);
insert into nodo(no_id, no_modo, no_status, no_ap_id, no_vu_id) values(36, 'DES', reg_sta('ACT'), 11, 18);
insert into nodo(no_id, no_modo, no_status, no_ap_id, no_vu_id) values(37, 'ORI', reg_sta('ACT'), 11, 19);
insert into nodo(no_id, no_modo, no_status, no_ap_id, no_vu_id) values(38, 'DES', reg_sta('ACT'), 10, 19);
insert into nodo(no_id, no_modo, no_status, no_ap_id, no_vu_id) values(39, 'ORI', reg_sta('ACT'), 10, 20);
insert into nodo(no_id, no_modo, no_status, no_ap_id, no_vu_id) values(40, 'DES', reg_sta('ACT'), 9 , 20);
insert into nodo(no_id, no_modo, no_status, no_ap_id, no_vu_id) values(41, 'ORI', reg_sta('ACT'), 9 , 21);
insert into nodo(no_id, no_modo, no_status, no_ap_id, no_vu_id) values(42, 'DES', reg_sta('ACT'), 8 , 21);
insert into nodo(no_id, no_modo, no_status, no_ap_id, no_vu_id) values(43, 'ORI', reg_sta('ACT'), 8 , 22);
insert into nodo(no_id, no_modo, no_status, no_ap_id, no_vu_id) values(44, 'DES', reg_sta('ACT'), 7 , 22);
insert into nodo(no_id, no_modo, no_status, no_ap_id, no_vu_id) values(45, 'ORI', reg_sta('ACT'), 7 , 23);
insert into nodo(no_id, no_modo, no_status, no_ap_id, no_vu_id) values(46, 'DES', reg_sta('ACT'), 6 , 23);
insert into nodo(no_id, no_modo, no_status, no_ap_id, no_vu_id) values(47, 'ORI', reg_sta('ACT'), 6 , 24);
insert into nodo(no_id, no_modo, no_status, no_ap_id, no_vu_id) values(48, 'DES', reg_sta('ACT'), 5 , 24);
insert into nodo(no_id, no_modo, no_status, no_ap_id, no_vu_id) values(49, 'ORI', reg_sta('ACT'), 5 , 25);
insert into nodo(no_id, no_modo, no_status, no_ap_id, no_vu_id) values(50, 'DES', reg_sta('ACT'), 4 , 25);
insert into nodo(no_id, no_modo, no_status, no_ap_id, no_vu_id) values(51, 'ORI', reg_sta('ACT'), 4 , 26);
insert into nodo(no_id, no_modo, no_status, no_ap_id, no_vu_id) values(52, 'DES', reg_sta('ACT'), 3 , 26);
insert into nodo(no_id, no_modo, no_status, no_ap_id, no_vu_id) values(53, 'ORI', reg_sta('ACT'), 3 , 27);
insert into nodo(no_id, no_modo, no_status, no_ap_id, no_vu_id) values(54, 'DES', reg_sta('ACT'), 2 , 27);
insert into nodo(no_id, no_modo, no_status, no_ap_id, no_vu_id) values(55, 'ORI', reg_sta('ACT'), 2 , 28);
insert into nodo(no_id, no_modo, no_status, no_ap_id, no_vu_id) values(56, 'DES', reg_sta('ACT'), 1 , 28);

----------------------------------------------------------------------------
---------------------------------------PAGO---------------------------------
----------------------------------------------------------------------------

---------------------------------------FORMA_PAGO---------------------------
insert into forma_pago(fp_id, fp_nombre, fp_des) values(1, 'TDC'    , null);
insert into forma_pago(fp_id, fp_nombre, fp_des) values(2, 'TCC'    , null);
insert into forma_pago(fp_id, fp_nombre, fp_des) values(3, 'MILLAS' , null);
insert into forma_pago(fp_id, fp_nombre, fp_des) values(4, 'DIGITAL', null);

----------------------------------------------------------------------------
---------------------------------------SEGURO-------------------------------
----------------------------------------------------------------------------

---------------------------------------ASEGURADORA--------------------------
insert into vi_ase(ase_id, ase_nombre) values(1 , 'alliance'     );
insert into vi_ase(ase_id, ase_nombre) values(2 , 'allianz'      );
insert into vi_ase(ase_id, ase_nombre) values(3 , 'assist-365'   );
insert into vi_ase(ase_id, ase_nombre) values(4 , 'cardinal'     );
insert into vi_ase(ase_id, ase_nombre) values(5 , 'assist-med'   );
insert into vi_ase(ase_id, ase_nombre) values(6 , 'axa'          );
insert into vi_ase(ase_id, ase_nombre) values(7 , 'coris'        );
insert into vi_ase(ase_id, ase_nombre) values(8 , 'go'           );
insert into vi_ase(ase_id, ase_nombre) values(9 , 'eua'          );
insert into vi_ase(ase_id, ase_nombre) values(10, 'europ'        );
insert into vi_ase(ase_id, ase_nombre) values(11, 'latin'        );
insert into vi_ase(ase_id, ase_nombre) values(12, 'universal'    );
insert into vi_ase(ase_id, ase_nombre) values(13, 'travel-ace'   );
insert into vi_ase(ase_id, ase_nombre) values(14, 'international');
insert into vi_ase(ase_id, ase_nombre) values(15, 'vumi'         );
---------------------------------------SEGURO--------------------------
insert into seguro(se_id, se_nombre, se_precio, se_ase_id, se_des) values(1 , 'Vacaciones'         , 8.00  , 1 , 'Viaja a cualquier parte con la seguridad que te proporciona nuestro equipo de expertos en asistencia médica internacional.');
insert into seguro(se_id, se_nombre, se_precio, se_ase_id, se_des) values(2 , 'Viaje de Negocios'  , 6.00  , 2 , 'Para viajes de trabajo nacionales e internacionales hasta 90 días consecutivos.'                                           );
insert into seguro(se_id, se_nombre, se_precio, se_ase_id, se_des) values(3 , 'Anulacion'          , 3.00  , 3 , 'Indemnización económica por la cancelación de tus reservas de viaje hasta 5000€.'                                          );
insert into seguro(se_id, se_nombre, se_precio, se_ase_id, se_des) values(4 , 'Visa Shengen'       , 17.00 , 4 , 'Seguro médico de viaje obligatorio para no residentes en la Zona Schengen'                                                 );
insert into seguro(se_id, se_nombre, se_precio, se_ase_id, se_des) values(5 , 'Trotamundos'        , 123.00, 5 , 'Cobertura de gastos médicos para estancias prolongadas. Duración máxima: 365 días continuados.'                            );
insert into seguro(se_id, se_nombre, se_precio, se_ase_id, se_des) values(6 , 'Viaje de Estudios'  , 10.00 , 6 , 'Seguro médico internacional para estudiantes universitarios y de instituto. Duración máxima:  365 días consecutivos'       );
insert into seguro(se_id, se_nombre, se_precio, se_ase_id, se_des) values(7 , 'Vacaciones Anual'   , 143.00, 7 , 'Una única póliza con cobertura médica y de equipaje para todos tus viajes. Duración máxima por viaje: 90 días.'            );
insert into seguro(se_id, se_nombre, se_precio, se_ase_id, se_des) values(8 , 'Negocios Anual'     , 147.00, 8 , 'Para múltiples viajes profesionales hasta 90 días, con validez de 365 días'                                                );
insert into seguro(se_id, se_nombre, se_precio, se_ase_id, se_des) values(9 , 'Grupos'             , 35.00 , 9 , 'Asistencia médica en viaje internacional para grupos. Hasta 60 consecutivos.'                                              );
insert into seguro(se_id, se_nombre, se_precio, se_ase_id, se_des) values(10, 'Esqui'              , 14.00 , 10, 'Rescate en pista, hospitalización y repatriación sanitaria. España y Europa.'                                              );
insert into seguro(se_id, se_nombre, se_precio, se_ase_id, se_des) values(11, 'Esqui Temporada'    , 184.00, 11, 'Protección de temporada para todos tus viajes de snowboard o esquí.      '                                                 );
insert into seguro(se_id, se_nombre, se_precio, se_ase_id, se_des) values(12, 'Asistencia Primaria', 10.00 , 12, null);
insert into seguro(se_id, se_nombre, se_precio, se_ase_id, se_des) values(13, 'Embarazo y parto'   , 300.00, 13, null);
insert into seguro(se_id, se_nombre, se_precio, se_ase_id, se_des) values(14, 'Hospitalización'    , 100.00, 14, null);
insert into seguro(se_id, se_nombre, se_precio, se_ase_id, se_des) values(15, 'Asistencia en Viaje', 30.00 , 15, null);

----------------------------------------------------------------------------
---------------------------------------USUARIO------------------------------
----------------------------------------------------------------------------


insert into vi_u (u_id, u_nombre, u_nombre2, u_apellido, u_apellido2, u_genero, u_telf, u_correo, u_passw, u_nick, u_billetera) values (1 , 'Ellen'   , 'Roy'      , 'Cordelette', 'Bootton'     , 'M', '+58 957 492 0851', 'rbootton0@bloomberg.com'   , 'hkhkLzQ3Yv'  , 'rbootton0'     , cartera(5086, 2882.82));
insert into vi_u (u_id, u_nombre, u_nombre2, u_apellido, u_apellido2, u_genero, u_telf, u_correo, u_passw, u_nick, u_billetera) values (2 , 'Raychel' , 'Jeanna'   , 'Theyer'    , 'Bolden'      , 'F', '+58 909 501 5512', 'jbolden1@weibo.com'        , '8baILbsU'    , 'jbolden1'      , cartera(9924, 2772.39));
insert into vi_u (u_id, u_nombre, u_nombre2, u_apellido, u_apellido2, u_genero, u_telf, u_correo, u_passw, u_nick, u_billetera) values (3 , 'Darb'    , 'Brew'     , 'Davenhill' , 'Warlow'      , 'M', '+58 205 569 2575', 'bwarlow2@bravesites.com'   , 'HLmal6mI5ZRG', 'bwarlow2'      , cartera(8324, 2739.92));
insert into vi_u (u_id, u_nombre, u_nombre2, u_apellido, u_apellido2, u_genero, u_telf, u_correo, u_passw, u_nick, u_billetera) values (4 , 'Renell'  , 'Faythe'   , 'Zannelli'  , 'Ramalho'     , 'F', '+58 942 863 6819', 'framalho3@a8.net'          , 'wuSFCM7N'    , 'framalho3'     , cartera(4542, 2610.4 ));
insert into vi_u (u_id, u_nombre, u_nombre2, u_apellido, u_apellido2, u_genero, u_telf, u_correo, u_passw, u_nick, u_billetera) values (5 , 'Giraldo' , 'Ban'      , 'Wilkes'    , 'Dunmuir'     , 'M', '+58 313 171 0319', 'bdunmuir4@businessweek.com', '4K695XNrWmM' , 'bdunmuir4'     , cartera(7936, 1813.92));

insert into vi_u (u_id, u_nombre, u_nombre2, u_apellido, u_apellido2, u_genero, u_telf, u_correo, u_passw, u_nick, u_billetera) values (6 , 'Thaddeus', 'Stafford' , 'Godin'     , 'Bifield'     , 'M', '+58 975 383 6884', 'sbifield5@ft.com'          , 'SdGkHy7nRK'  , 'sbifield5'     , cartera(9727, 2126.07));
insert into vi_u (u_id, u_nombre, u_nombre2, u_apellido, u_apellido2, u_genero, u_telf, u_correo, u_passw, u_nick, u_billetera) values (7 , 'Krispin' , 'Octavius' , 'Baroc'     , 'Lazar'       , 'M', '+58 773 995 1057', 'olazar6@hugedomains.com'   , 'xv0YdKP'     , 'olazar6'       , cartera(2272, 4919.74));
insert into vi_u (u_id, u_nombre, u_nombre2, u_apellido, u_apellido2, u_genero, u_telf, u_correo, u_passw, u_nick, u_billetera) values (8 , 'Sven'    , 'Ad'       , 'Doggart'   , 'Hearmon'     , 'M', '+58 288 135 7711', 'ahearmon7@github.com'      , 'aSfrha'      , 'ahearmon7'     , cartera(9477, 3111.15));
insert into vi_u (u_id, u_nombre, u_nombre2, u_apellido, u_apellido2, u_genero, u_telf, u_correo, u_passw, u_nick, u_billetera) values (9 , 'Manuel'  , 'Clayborne', 'McGahy'    , 'Greenier'    , 'M', '+58 202 837 6291', 'cgreenier8@live.com'       , 'kTIzSZZPpSs' , 'cgreenier8'    , cartera(3957, 3165.27));
insert into vi_u (u_id, u_nombre, u_nombre2, u_apellido, u_apellido2, u_genero, u_telf, u_correo, u_passw, u_nick, u_billetera) values (10, 'Cary'    , 'Doug'     , 'Vowdon'    , 'Pury'        , 'M', '+58 257 940 1597', 'dpury9@trellian.com'       , 'Khzh3KrwLJ3' , 'dpury9'        , cartera(8824, 1911.81));

insert into vi_u (u_id, u_nombre, u_nombre2, u_apellido, u_apellido2, u_genero, u_telf, u_correo, u_passw, u_nick, u_billetera) values (11, 'Anni'    , 'Timothea' , 'Driver'    , 'Pitman'      , 'F', '+58 543 807 6851', 'tpitmana@princeton.edu'    , 'lkImnjma'    , 'tpitmana'      , cartera(8298, 1507.66));
insert into vi_u (u_id, u_nombre, u_nombre2, u_apellido, u_apellido2, u_genero, u_telf, u_correo, u_passw, u_nick, u_billetera) values (12, 'Ivy'     , 'Delphine' , 'Highwood'  , 'MacCallister', 'F', '+58 555 422 0167', 'dmaccallisterb@wikia.com'  , 'sj7TzyiecVXN', 'dmaccallisterb', cartera(9975, 2857.03));
insert into vi_u (u_id, u_nombre, u_nombre2, u_apellido, u_apellido2, u_genero, u_telf, u_correo, u_passw, u_nick, u_billetera) values (13, 'Korney'  , 'Eugine'   , 'Bugdell'   , 'Fittes'      , 'F', '+58 682 343 2835', 'efittesc@dailymotion.com'  , 'xrRRysJ8IfK' , 'efittesc'      , cartera(3595, 4360.99));
insert into vi_u (u_id, u_nombre, u_nombre2, u_apellido, u_apellido2, u_genero, u_telf, u_correo, u_passw, u_nick, u_billetera) values (14, 'Gian'    , 'Maurise'  , 'Flipsen'   , 'Tiery'       , 'M', '+58 874 591 3778', 'mtieryd@1688.com'          , 'ZlNQRAC7s'   , 'mtieryd'       , cartera(7536, 1924.92));
insert into vi_u (u_id, u_nombre, u_nombre2, u_apellido, u_apellido2, u_genero, u_telf, u_correo, u_passw, u_nick, u_billetera) values (15, 'Salomone', 'Cullan'   , 'Fosserd'   , 'Niese'       , 'M', '+58 368 407 7231', 'cniesee@yahoo.com'         , 'Qvg43B'      , 'cniesee'       , cartera(4811, 4770.97));

----------------------------------------------------------------------------
---------------------------------------PLAN_VIAJE---------------------------
----------------------------------------------------------------------------

insert into plan_viaje(pv_id, pv_fecha, pv_precio_total) values(1 , reg_ope(to_date('01-01-2020 12:00:00','dd-mm-yyyy hh24:mi:ss'), to_date('29-01-2020 21:00:00','dd-mm-yyyy hh24:mi:ss')), 1000);
insert into plan_viaje(pv_id, pv_fecha, pv_precio_total) values(2 , reg_ope(to_date('02-01-2020 14:00:00','dd-mm-yyyy hh24:mi:ss'), to_date('28-01-2020 07:00:00','dd-mm-yyyy hh24:mi:ss')), 1000);
insert into plan_viaje(pv_id, pv_fecha, pv_precio_total) values(3 , reg_ope(to_date('03-01-2020 17:00:00','dd-mm-yyyy hh24:mi:ss'), to_date('27-01-2020 23:00:00','dd-mm-yyyy hh24:mi:ss')), 1000);
insert into plan_viaje(pv_id, pv_fecha, pv_precio_total) values(4 , reg_ope(to_date('04-01-2020 01:00:00','dd-mm-yyyy hh24:mi:ss'), to_date('26-01-2020 11:00:00','dd-mm-yyyy hh24:mi:ss')), 1000);
insert into plan_viaje(pv_id, pv_fecha, pv_precio_total) values(5 , reg_ope(to_date('05-01-2020 06:00:00','dd-mm-yyyy hh24:mi:ss'), to_date('25-01-2020 17:00:00','dd-mm-yyyy hh24:mi:ss')), 1000);

insert into plan_viaje(pv_id, pv_fecha, pv_precio_total) values(6 , reg_ope(to_date('06-01-2020 03:00:00','dd-mm-yyyy hh24:mi:ss'), to_date('24-01-2020 14:00:00','dd-mm-yyyy hh24:mi:ss')), 1000);
insert into plan_viaje(pv_id, pv_fecha, pv_precio_total) values(7 , reg_ope(to_date('07-01-2020 10:00:00','dd-mm-yyyy hh24:mi:ss'), to_date('23-01-2020 22:00:00','dd-mm-yyyy hh24:mi:ss')), 1000);
insert into plan_viaje(pv_id, pv_fecha, pv_precio_total) values(8 , reg_ope(to_date('08-01-2020 18:00:00','dd-mm-yyyy hh24:mi:ss'), to_date('22-01-2020 14:00:00','dd-mm-yyyy hh24:mi:ss')), 1000);
insert into plan_viaje(pv_id, pv_fecha, pv_precio_total) values(9 , reg_ope(to_date('09-01-2020 10:00:00','dd-mm-yyyy hh24:mi:ss'), to_date('21-01-2020 06:00:00','dd-mm-yyyy hh24:mi:ss')), 1000);
insert into plan_viaje(pv_id, pv_fecha, pv_precio_total) values(10, reg_ope(to_date('10-01-2020 12:00:00','dd-mm-yyyy hh24:mi:ss'), to_date('20-01-2020 09:00:00','dd-mm-yyyy hh24:mi:ss')), 1000);

insert into plan_viaje(pv_id, pv_fecha, pv_precio_total) values(11, reg_ope(to_date('11-01-2020 06:00:00','dd-mm-yyyy hh24:mi:ss'), to_date('19-01-2020 04:00:00','dd-mm-yyyy hh24:mi:ss')), 1000);
insert into plan_viaje(pv_id, pv_fecha, pv_precio_total) values(12, reg_ope(to_date('12-01-2020 18:00:00','dd-mm-yyyy hh24:mi:ss'), to_date('18-01-2020 19:00:00','dd-mm-yyyy hh24:mi:ss')), 1000);
insert into plan_viaje(pv_id, pv_fecha, pv_precio_total) values(13, reg_ope(to_date('13-01-2020 01:00:00','dd-mm-yyyy hh24:mi:ss'), to_date('17-01-2020 16:00:00','dd-mm-yyyy hh24:mi:ss')), 1000);
insert into plan_viaje(pv_id, pv_fecha, pv_precio_total) values(14, reg_ope(to_date('14-01-2020 15:00:00','dd-mm-yyyy hh24:mi:ss'), to_date('16-01-2020 14:00:00','dd-mm-yyyy hh24:mi:ss')), 1000);
insert into plan_viaje(pv_id, pv_fecha, pv_precio_total) values(15, reg_ope(to_date('01-01-2020 12:00:00','dd-mm-yyyy hh24:mi:ss'), to_date('29-01-2020 21:00:00','dd-mm-yyyy hh24:mi:ss')), 1000);

---------------------------------------PLAN_USUARIO--------------------------
insert into plan_usuario(pu_id, pu_comprador, pu_pv_id, pu_u_id) values(1 , 1, 1 , 1 );
insert into plan_usuario(pu_id, pu_comprador, pu_pv_id, pu_u_id) values(2 , 0, 1 , 2 );
insert into plan_usuario(pu_id, pu_comprador, pu_pv_id, pu_u_id) values(3 , 0, 1 , 3 );
insert into plan_usuario(pu_id, pu_comprador, pu_pv_id, pu_u_id) values(4 , 0, 1 , 4 );
insert into plan_usuario(pu_id, pu_comprador, pu_pv_id, pu_u_id) values(5 , 0, 1 , 5 );

insert into plan_usuario(pu_id, pu_comprador, pu_pv_id, pu_u_id) values(11, 1, 3 , 1 );
insert into plan_usuario(pu_id, pu_comprador, pu_pv_id, pu_u_id) values(12, 0, 3 , 2 );
insert into plan_usuario(pu_id, pu_comprador, pu_pv_id, pu_u_id) values(13, 0, 3 , 3 );
insert into plan_usuario(pu_id, pu_comprador, pu_pv_id, pu_u_id) values(14, 0, 3 , 4 );
insert into plan_usuario(pu_id, pu_comprador, pu_pv_id, pu_u_id) values(15, 0, 3 , 5 );
insert into plan_usuario(pu_id, pu_comprador, pu_pv_id, pu_u_id) values(16, 1, 4 , 1 );
insert into plan_usuario(pu_id, pu_comprador, pu_pv_id, pu_u_id) values(17, 0, 4 , 2 );
insert into plan_usuario(pu_id, pu_comprador, pu_pv_id, pu_u_id) values(18, 0, 4 , 3 );
insert into plan_usuario(pu_id, pu_comprador, pu_pv_id, pu_u_id) values(19, 0, 4 , 4 );
insert into plan_usuario(pu_id, pu_comprador, pu_pv_id, pu_u_id) values(20, 0, 4 , 5 );
insert into plan_usuario(pu_id, pu_comprador, pu_pv_id, pu_u_id) values(21, 1, 5 , 1 );
insert into plan_usuario(pu_id, pu_comprador, pu_pv_id, pu_u_id) values(22, 0, 5 , 2 );
insert into plan_usuario(pu_id, pu_comprador, pu_pv_id, pu_u_id) values(23, 0, 5 , 3 );
insert into plan_usuario(pu_id, pu_comprador, pu_pv_id, pu_u_id) values(24, 0, 5 , 4 );
insert into plan_usuario(pu_id, pu_comprador, pu_pv_id, pu_u_id) values(25, 0, 5 , 5 );

insert into plan_usuario(pu_id, pu_comprador, pu_pv_id, pu_u_id) values(26, 1, 6 , 6 );
insert into plan_usuario(pu_id, pu_comprador, pu_pv_id, pu_u_id) values(27, 0, 6 , 7 );
insert into plan_usuario(pu_id, pu_comprador, pu_pv_id, pu_u_id) values(28, 0, 6 , 8 );
insert into plan_usuario(pu_id, pu_comprador, pu_pv_id, pu_u_id) values(29, 0, 6 , 9 );
insert into plan_usuario(pu_id, pu_comprador, pu_pv_id, pu_u_id) values(30, 0, 6 , 10);
insert into plan_usuario(pu_id, pu_comprador, pu_pv_id, pu_u_id) values(31, 1, 7 , 6 );
insert into plan_usuario(pu_id, pu_comprador, pu_pv_id, pu_u_id) values(32, 0, 7 , 7 );
insert into plan_usuario(pu_id, pu_comprador, pu_pv_id, pu_u_id) values(33, 0, 7 , 8 );
insert into plan_usuario(pu_id, pu_comprador, pu_pv_id, pu_u_id) values(34, 0, 7 , 9 );
insert into plan_usuario(pu_id, pu_comprador, pu_pv_id, pu_u_id) values(35, 0, 7 , 10);
insert into plan_usuario(pu_id, pu_comprador, pu_pv_id, pu_u_id) values(36, 1, 8 , 6 );
insert into plan_usuario(pu_id, pu_comprador, pu_pv_id, pu_u_id) values(37, 0, 8 , 7 );
insert into plan_usuario(pu_id, pu_comprador, pu_pv_id, pu_u_id) values(38, 0, 8 , 8 );
insert into plan_usuario(pu_id, pu_comprador, pu_pv_id, pu_u_id) values(39, 0, 8 , 9 );
insert into plan_usuario(pu_id, pu_comprador, pu_pv_id, pu_u_id) values(40, 0, 8 , 10);
insert into plan_usuario(pu_id, pu_comprador, pu_pv_id, pu_u_id) values(41, 1, 9 , 6 );
insert into plan_usuario(pu_id, pu_comprador, pu_pv_id, pu_u_id) values(42, 0, 9 , 7 );
insert into plan_usuario(pu_id, pu_comprador, pu_pv_id, pu_u_id) values(43, 0, 9 , 8 );
insert into plan_usuario(pu_id, pu_comprador, pu_pv_id, pu_u_id) values(44, 0, 9 , 9 );
insert into plan_usuario(pu_id, pu_comprador, pu_pv_id, pu_u_id) values(45, 0, 9 , 10);
insert into plan_usuario(pu_id, pu_comprador, pu_pv_id, pu_u_id) values(46, 1, 10, 6 );
insert into plan_usuario(pu_id, pu_comprador, pu_pv_id, pu_u_id) values(47, 0, 10, 7 );
insert into plan_usuario(pu_id, pu_comprador, pu_pv_id, pu_u_id) values(48, 0, 10, 8 );
insert into plan_usuario(pu_id, pu_comprador, pu_pv_id, pu_u_id) values(49, 0, 10, 9 );
insert into plan_usuario(pu_id, pu_comprador, pu_pv_id, pu_u_id) values(50, 0, 10, 10);

insert into plan_usuario(pu_id, pu_comprador, pu_pv_id, pu_u_id) values(51, 1, 11, 11);
insert into plan_usuario(pu_id, pu_comprador, pu_pv_id, pu_u_id) values(52, 0, 11, 12);
insert into plan_usuario(pu_id, pu_comprador, pu_pv_id, pu_u_id) values(53, 0, 11, 13);
insert into plan_usuario(pu_id, pu_comprador, pu_pv_id, pu_u_id) values(54, 0, 11, 14);
insert into plan_usuario(pu_id, pu_comprador, pu_pv_id, pu_u_id) values(55, 0, 11, 15);
insert into plan_usuario(pu_id, pu_comprador, pu_pv_id, pu_u_id) values(56, 1, 12, 11);
insert into plan_usuario(pu_id, pu_comprador, pu_pv_id, pu_u_id) values(57, 0, 12, 12);
insert into plan_usuario(pu_id, pu_comprador, pu_pv_id, pu_u_id) values(58, 0, 12, 13);
insert into plan_usuario(pu_id, pu_comprador, pu_pv_id, pu_u_id) values(59, 0, 12, 14);
insert into plan_usuario(pu_id, pu_comprador, pu_pv_id, pu_u_id) values(60, 0, 12, 15);
insert into plan_usuario(pu_id, pu_comprador, pu_pv_id, pu_u_id) values(61, 1, 13, 11);
insert into plan_usuario(pu_id, pu_comprador, pu_pv_id, pu_u_id) values(62, 0, 13, 12);
insert into plan_usuario(pu_id, pu_comprador, pu_pv_id, pu_u_id) values(63, 0, 13, 13);
insert into plan_usuario(pu_id, pu_comprador, pu_pv_id, pu_u_id) values(64, 0, 13, 14);
insert into plan_usuario(pu_id, pu_comprador, pu_pv_id, pu_u_id) values(65, 0, 13, 15);
insert into plan_usuario(pu_id, pu_comprador, pu_pv_id, pu_u_id) values(66, 1, 14, 11);
insert into plan_usuario(pu_id, pu_comprador, pu_pv_id, pu_u_id) values(67, 0, 14, 12);
insert into plan_usuario(pu_id, pu_comprador, pu_pv_id, pu_u_id) values(68, 0, 14, 13);
insert into plan_usuario(pu_id, pu_comprador, pu_pv_id, pu_u_id) values(69, 0, 14, 14);
insert into plan_usuario(pu_id, pu_comprador, pu_pv_id, pu_u_id) values(70, 0, 14, 15);
insert into plan_usuario(pu_id, pu_comprador, pu_pv_id, pu_u_id) values(71, 1, 15, 11);
insert into plan_usuario(pu_id, pu_comprador, pu_pv_id, pu_u_id) values(72, 0, 15, 12);
insert into plan_usuario(pu_id, pu_comprador, pu_pv_id, pu_u_id) values(73, 0, 15, 13);
insert into plan_usuario(pu_id, pu_comprador, pu_pv_id, pu_u_id) values(74, 0, 15, 14);
insert into plan_usuario(pu_id, pu_comprador, pu_pv_id, pu_u_id) values(75, 0, 15, 15);

---------------------------------------VUELO_PLAN--------------------------
insert into vuelo_plan(vp_id, vp_tipo, vp_modo, vp_status, vp_pv_id, vp_asi_id, vp_vu_id) values(1 , 'NOR', 'IYV', reg_sta('ACT'), 1 , 1 , 1 );
insert into vuelo_plan(vp_id, vp_tipo, vp_modo, vp_status, vp_pv_id, vp_asi_id, vp_vu_id) values(2 , 'NOR', 'IYV', reg_sta('ACT'), 1 , 1 , 28);
insert into vuelo_plan(vp_id, vp_tipo, vp_modo, vp_status, vp_pv_id, vp_asi_id, vp_vu_id) values(3 , 'NOR', 'IYV', reg_sta('ACT'), 1 , 2 , 1 );
insert into vuelo_plan(vp_id, vp_tipo, vp_modo, vp_status, vp_pv_id, vp_asi_id, vp_vu_id) values(4 , 'NOR', 'IYV', reg_sta('ACT'), 1 , 2 , 28);
insert into vuelo_plan(vp_id, vp_tipo, vp_modo, vp_status, vp_pv_id, vp_asi_id, vp_vu_id) values(5 , 'NOR', 'IYV', reg_sta('ACT'), 1 , 3 , 1 );
insert into vuelo_plan(vp_id, vp_tipo, vp_modo, vp_status, vp_pv_id, vp_asi_id, vp_vu_id) values(6 , 'NOR', 'IYV', reg_sta('ACT'), 1 , 3 , 28);
insert into vuelo_plan(vp_id, vp_tipo, vp_modo, vp_status, vp_pv_id, vp_asi_id, vp_vu_id) values(7 , 'NOR', 'IYV', reg_sta('ACT'), 1 , 4 , 1 );
insert into vuelo_plan(vp_id, vp_tipo, vp_modo, vp_status, vp_pv_id, vp_asi_id, vp_vu_id) values(8 , 'NOR', 'IYV', reg_sta('ACT'), 1 , 4 , 28);
insert into vuelo_plan(vp_id, vp_tipo, vp_modo, vp_status, vp_pv_id, vp_asi_id, vp_vu_id) values(9 , 'NOR', 'IYV', reg_sta('ACT'), 1 , 5 , 1 );
insert into vuelo_plan(vp_id, vp_tipo, vp_modo, vp_status, vp_pv_id, vp_asi_id, vp_vu_id) values(10, 'NOR', 'IYV', reg_sta('ACT'), 1 , 5 , 28);

insert into vuelo_plan(vp_id, vp_tipo, vp_modo, vp_status, vp_pv_id, vp_asi_id, vp_vu_id) values(11, 'NOR', 'IYV', reg_sta('ACT'), 2 , 6 , 1 );
insert into vuelo_plan(vp_id, vp_tipo, vp_modo, vp_status, vp_pv_id, vp_asi_id, vp_vu_id) values(12, 'NOR', 'IYV', reg_sta('ACT'), 2 , 6 , 28);
insert into vuelo_plan(vp_id, vp_tipo, vp_modo, vp_status, vp_pv_id, vp_asi_id, vp_vu_id) values(13, 'NOR', 'IYV', reg_sta('ACT'), 2 , 7 , 1 );
insert into vuelo_plan(vp_id, vp_tipo, vp_modo, vp_status, vp_pv_id, vp_asi_id, vp_vu_id) values(14, 'NOR', 'IYV', reg_sta('ACT'), 2 , 7 , 28);
insert into vuelo_plan(vp_id, vp_tipo, vp_modo, vp_status, vp_pv_id, vp_asi_id, vp_vu_id) values(15, 'NOR', 'IYV', reg_sta('ACT'), 2 , 8 , 1 );
