----------------------------------------------------------------------------
---------------------------------------ALQUILER_AUTO------------------------
----------------------------------------------------------------------------

--------------------------------------ALQUILER_SP---------------------------
insert into vi_asp(asp_id, asp_nombre) values(1, 'alamo'     );
insert into vi_asp(asp_id, asp_nombre) values(2, 'avis'      );
insert into vi_asp(asp_id, asp_nombre) values(3, 'centauro'  );
insert into vi_asp(asp_id, asp_nombre) values(4, 'dollar'    );
insert into vi_asp(asp_id, asp_nombre) values(5, 'enterprise');
insert into vi_asp(asp_id, asp_nombre) values(6, 'europcar'  );
insert into vi_asp(asp_id, asp_nombre) values(7, 'firefly'   );
insert into vi_asp(asp_id, asp_nombre) values(8, 'goldcar'   );
insert into vi_asp(asp_id, asp_nombre) values(9, 'hertz'     );
insert into vi_asp(asp_id, asp_nombre) values(10,'interrent' );
insert into vi_asp(asp_id, asp_nombre) values(11,'keddy'     );
insert into vi_asp(asp_id, asp_nombre) values(12,'locauto'   );
insert into vi_asp(asp_id, asp_nombre) values(13,'national'  );
insert into vi_asp(asp_id, asp_nombre) values(14,'sixt'      );
insert into vi_asp(asp_id, asp_nombre) values(15,'unirent'   );
---------------------------------------MARCA-------------------------------
insert into marca(m_id, m_nombre) values(1, 'toyota'       );
insert into marca(m_id, m_nombre) values(2, 'mercedes-benz');
insert into marca(m_id, m_nombre) values(3, 'bmw'          );
insert into marca(m_id, m_nombre) values(4, 'honda'        );
insert into marca(m_id, m_nombre) values(5, 'ford'         );
insert into marca(m_id, m_nombre) values(6, 'hyundai'      );
insert into marca(m_id, m_nombre) values(7, 'audi'         );
insert into marca(m_id, m_nombre) values(8, 'nissan'       );
insert into marca(m_id, m_nombre) values(9, 'volkswagen'   );
insert into marca(m_id, m_nombre) values(10,'porsche'      );
insert into marca(m_id, m_nombre) values(11,'kia'          );
insert into marca(m_id, m_nombre) values(12,'land-rover'   );
insert into marca(m_id, m_nombre) values(13,'mini'         );
insert into marca(m_id, m_nombre) values(14,'ferrari'      );
insert into marca(m_id, m_nombre) values(15,'tesla'        );
-------------------------------MODELO_AUTO----------------------------------
insert into vi_mau(mau_id, mau_nombre, mau_pasajeros, mau_m_id) values(1 ,'aygo'    , 2, 1);
insert into vi_mau(mau_id, mau_nombre, mau_pasajeros, mau_m_id) values(2 ,'camry'   , 4, 1);
insert into vi_mau(mau_id, mau_nombre, mau_pasajeros, mau_m_id) values(3 ,'clase-c' , 4, 2);
insert into vi_mau(mau_id, mau_nombre, mau_pasajeros, mau_m_id) values(4 ,'cls'     , 4, 2 );
insert into vi_mau(mau_id, mau_nombre, mau_pasajeros, mau_m_id) values(5 ,'x1'      , 4, 3 );
insert into vi_mau(mau_id, mau_nombre, mau_pasajeros, mau_m_id) values(6 ,'x5'      , 4, 3 );
insert into vi_mau(mau_id, mau_nombre, mau_pasajeros, mau_m_id) values(7 ,'civic'   , 4, 4 );
insert into vi_mau(mau_id, mau_nombre, mau_pasajeros, mau_m_id) values(8 ,'jazz'    , 4, 4 );
insert into vi_mau(mau_id, mau_nombre, mau_pasajeros, mau_m_id) values(9 ,'mondeo'  , 4, 5 );
insert into vi_mau(mau_id, mau_nombre, mau_pasajeros, mau_m_id) values(10,'puma'    , 4, 5 );
insert into vi_mau(mau_id, mau_nombre, mau_pasajeros, mau_m_id) values(11,'i20'     , 4, 6 );
insert into vi_mau(mau_id, mau_nombre, mau_pasajeros, mau_m_id) values(12,'i30'     , 4, 6 );
insert into vi_mau(mau_id, mau_nombre, mau_pasajeros, mau_m_id) values(13,'a4'      , 4, 7 );
insert into vi_mau(mau_id, mau_nombre, mau_pasajeros, mau_m_id) values(14,'a1'      , 4, 7 );
insert into vi_mau(mau_id, mau_nombre, mau_pasajeros, mau_m_id) values(15,'juke'    , 4, 8 );
insert into vi_mau(mau_id, mau_nombre, mau_pasajeros, mau_m_id) values(16,'gt-r'    , 4, 8 );
insert into vi_mau(mau_id, mau_nombre, mau_pasajeros, mau_m_id) values(17,'passat'  , 4, 9 );
insert into vi_mau(mau_id, mau_nombre, mau_pasajeros, mau_m_id) values(18,'t-cross' , 4, 9 );
insert into vi_mau(mau_id, mau_nombre, mau_pasajeros, mau_m_id) values(19,'macan'   , 4, 10);
insert into vi_mau(mau_id, mau_nombre, mau_pasajeros, mau_m_id) values(20,'911'     , 4, 10);
insert into vi_mau(mau_id, mau_nombre, mau_pasajeros, mau_m_id) values(21,'ceed'    , 4, 11);
insert into vi_mau(mau_id, mau_nombre, mau_pasajeros, mau_m_id) values(22,'optima'  , 4, 11);
insert into vi_mau(mau_id, mau_nombre, mau_pasajeros, mau_m_id) values(23,'defender', 4, 12);
insert into vi_mau(mau_id, mau_nombre, mau_pasajeros, mau_m_id) values(24,'evoque'  , 4, 12);
insert into vi_mau(mau_id, mau_nombre, mau_pasajeros, mau_m_id) values(25,'clubman' , 4, 13);
insert into vi_mau(mau_id, mau_nombre, mau_pasajeros, mau_m_id) values(26,'mini'    , 4, 13);
insert into vi_mau(mau_id, mau_nombre, mau_pasajeros, mau_m_id) values(27,'f8'      , 4, 14);
insert into vi_mau(mau_id, mau_nombre, mau_pasajeros, mau_m_id) values(28,'roma'    , 4, 14);
insert into vi_mau(mau_id, mau_nombre, mau_pasajeros, mau_m_id) values(29,'model-y' , 4, 15);
insert into vi_mau(mau_id, mau_nombre, mau_pasajeros, mau_m_id) values(30,'model-s' , 4, 15);
--------------------------------------AUTOMOVIL-----------------------------------
insert into automovil(au_id, au_precio, au_color, au_asp_id, au_mau_id) values(1 , 10 , 'rojo'    , 1 , 1 );
insert into automovil(au_id, au_precio, au_color, au_asp_id, au_mau_id) values(2 , 20 , 'azul'    , 2 , 2 );
insert into automovil(au_id, au_precio, au_color, au_asp_id, au_mau_id) values(3 , 30 , 'amarillo', 3 , 3 );
insert into automovil(au_id, au_precio, au_color, au_asp_id, au_mau_id) values(4 , 40 , 'verde'   , 4 , 4 );
insert into automovil(au_id, au_precio, au_color, au_asp_id, au_mau_id) values(5 , 50 , 'morado'  , 5 , 5 );
insert into automovil(au_id, au_precio, au_color, au_asp_id, au_mau_id) values(6 , 60 , 'plateado', 6 , 6 );
insert into automovil(au_id, au_precio, au_color, au_asp_id, au_mau_id) values(7 , 70 , 'rojo'    , 7 , 7 );
insert into automovil(au_id, au_precio, au_color, au_asp_id, au_mau_id) values(8 , 80 , 'azul'    , 8 , 8 );
insert into automovil(au_id, au_precio, au_color, au_asp_id, au_mau_id) values(9 , 90 , 'morado'  , 9 , 9 );
insert into automovil(au_id, au_precio, au_color, au_asp_id, au_mau_id) values(10, 100, 'verde'   , 10, 10);
insert into automovil(au_id, au_precio, au_color, au_asp_id, au_mau_id) values(11, 110, 'naranja' , 11, 11);
insert into automovil(au_id, au_precio, au_color, au_asp_id, au_mau_id) values(12, 120, 'amarillo', 12, 12);
insert into automovil(au_id, au_precio, au_color, au_asp_id, au_mau_id) values(13, 130, 'verde'   , 13, 13);
insert into automovil(au_id, au_precio, au_color, au_asp_id, au_mau_id) values(14, 140, 'negro'   , 14, 14);
insert into automovil(au_id, au_precio, au_color, au_asp_id, au_mau_id) values(15, 150, 'blanco'  , 15, 15);
insert into automovil(au_id, au_precio, au_color, au_asp_id, au_mau_id) values(16, 160, 'azul'    , 1 , 16);
insert into automovil(au_id, au_precio, au_color, au_asp_id, au_mau_id) values(17, 170, 'marron'  , 2 , 17);
insert into automovil(au_id, au_precio, au_color, au_asp_id, au_mau_id) values(18, 180, 'negro'   , 3 , 18);
insert into automovil(au_id, au_precio, au_color, au_asp_id, au_mau_id) values(19, 190, 'blanco'  , 4 , 19);
insert into automovil(au_id, au_precio, au_color, au_asp_id, au_mau_id) values(20, 200, 'plateado', 5 , 20);
insert into automovil(au_id, au_precio, au_color, au_asp_id, au_mau_id) values(21, 210, 'gris'    , 6 , 21);
insert into automovil(au_id, au_precio, au_color, au_asp_id, au_mau_id) values(22, 220, 'verde'   , 7 , 22);
insert into automovil(au_id, au_precio, au_color, au_asp_id, au_mau_id) values(23, 230, 'azul'    , 8 , 23);
insert into automovil(au_id, au_precio, au_color, au_asp_id, au_mau_id) values(24, 240, 'rojo'    , 9 , 24);
insert into automovil(au_id, au_precio, au_color, au_asp_id, au_mau_id) values(25, 250, 'morado'  , 10, 25);
insert into automovil(au_id, au_precio, au_color, au_asp_id, au_mau_id) values(26, 260, 'blanco'  , 11, 26);
insert into automovil(au_id, au_precio, au_color, au_asp_id, au_mau_id) values(27, 270, 'gris'    , 12, 27);
insert into automovil(au_id, au_precio, au_color, au_asp_id, au_mau_id) values(28, 280, 'rojo'    , 13, 28);
insert into automovil(au_id, au_precio, au_color, au_asp_id, au_mau_id) values(29, 290, 'morado'  , 14, 29);
insert into automovil(au_id, au_precio, au_color, au_asp_id, au_mau_id) values(30, 300, 'verde'   , 15, 30);

----------------------------------------------------------------------------
---------------------------------------HOTEL--------------------------------
----------------------------------------------------------------------------

---------------------------------------HOTEL--------------------------------
insert into vi_ho(ho_id, ho_nombre, ho_puntuacion, ho_locacion) values(1 , 'nayara'      , 4.8, reg_loc('Alajuela'        ,'Costa Rica' ,'702 road 21007'                ,null,null));
insert into vi_ho(ho_id, ho_nombre, ho_puntuacion, ho_locacion) values(2 , 'shinta'      , 4.7, reg_loc('Krong Siem Reap' ,'Camboya'    ,'Oum Khun St and 14th street'   ,null,null));
insert into vi_ho(ho_id, ho_nombre, ho_puntuacion, ho_locacion) values(3 , 'four-seasons', 4.8, reg_loc('Budapest'        ,'Hungria'    ,'Széchenyi István tér 5-6'      ,null,null));
insert into vi_ho(ho_id, ho_nombre, ho_puntuacion, ho_locacion) values(4 , 'belmond'     , 4.9, reg_loc('Cusco'           ,'Peru'       ,'Nazarenas 223'                 ,null,null));
insert into vi_ho(ho_id, ho_nombre, ho_puntuacion, ho_locacion) values(5 , 'alpin'       , 4.8, reg_loc('Vorderlanersbach','Austria'    ,'6293 Tux'                      ,null,null));
insert into vi_ho(ho_id, ho_nombre, ho_puntuacion, ho_locacion) values(6 , 'estalagem'   , 4.9, reg_loc('Gramado'         ,'Brasil'     ,'R. da Carrieri, 974 - Planalto',null,null));
insert into vi_ho(ho_id, ho_nombre, ho_puntuacion, ho_locacion) values(7 , 'tambo'       , 4.8, reg_loc('Urubamba'        ,'Peru'       ,'Sacred Valley, Av. Ferrocarril',null,null));
insert into vi_ho(ho_id, ho_nombre, ho_puntuacion, ho_locacion) values(8 , 'belvedere'   , 4.7, reg_loc('Riccione'        ,'Italia'     ,'Viale Gramsci, 95'             ,null,null));
insert into vi_ho(ho_id, ho_nombre, ho_puntuacion, ho_locacion) values(9 , 'mandarin'    , 4.7, reg_loc('Shanghai'        ,'China'      ,'111 Pudong S Rd, Pudong'       ,null,null));
insert into vi_ho(ho_id, ho_nombre, ho_puntuacion, ho_locacion) values(10, 'gritti'      , 4.7, reg_loc('Venecia'         ,'Italia'     ,'Campo Santa Maria del Giglio'  ,null,null));
insert into vi_ho(ho_id, ho_nombre, ho_puntuacion, ho_locacion) values(11, 'harvey'      , 4.8, reg_loc('Donegal'         ,'Irlanda'    ,'Lough Eske Rd, Tawnyvorgal'    ,null,null));
insert into vi_ho(ho_id, ho_nombre, ho_puntuacion, ho_locacion) values(12, 'haymarket'   , 4.6, reg_loc('Londres'         ,'Reino Unido','1 Suffolk Pl'                  ,null,null));
insert into vi_ho(ho_id, ho_nombre, ho_puntuacion, ho_locacion) values(13, 'kayakapi'    , 4.7, reg_loc('Urgup'           ,'Turquia'    ,'Kuşçular Sokak No:43'          ,null,null));
insert into vi_ho(ho_id, ho_nombre, ho_puntuacion, ho_locacion) values(14, 'savoy'       , 5.0, reg_loc('Sharm El Sheikh' ,'Egipto'     ,'Soho Square'                   ,null,null));
insert into vi_ho(ho_id, ho_nombre, ho_puntuacion, ho_locacion) values(15, 'eurobuilding', 4.6, reg_loc('Caracas'         ,'Venezuela'  ,'Calle La Guairita'             ,null,null));